key,section,cs,en,uk,cs_web_suggested,en_web_suggested,notes_for_translator
accentCurrentColor,Settings,Aktuální barva,Current color,,,,
accentHexPlaceholder,Settings,např. #FF4F31,e.g. #FF4F31,,,,
accentHueSlider,Settings,Odstín,Hue,,,,
accentReset,Settings,Výchozí barva,Default color,,,,
accentTabPreviewLabel,Settings,Náhled aktivní záložky,Active tab preview,,,,
accentTitle,Settings,Barevnost,Accent color,,,,
appearanceOptionDark,Profile,Tmavý,Dark,,,,
appearanceOptionLight,Profile,Světlý,Light,,,,
appearanceOptionSystem,Profile,Dle systému,System,,,,
appearanceSheetTitle,Profile,Vzhled stránky,Page appearance,,,,
barberAboutMe,Service / Barber detail,O mně,About me,,,,
barberAvailability,Service / Barber detail,Dostupnost,Availability,,,,
barberBook,Service / Barber detail,Rezervovat,Book,,,,
barberBranches,Barber detail,Pobočky,Branches,,,,
barberCollapseShifts,Service / Barber detail,Zabalit,Collapse,,,,
barberColoringSkills,Service / Barber detail,Barvení,Coloring,,,,
barberFavoriteServices,Service / Barber detail,Oblíbené služby,Favorite services,,,,
barberFindMeAtBranch,Service / Barber detail,Najdete mě na pobočce,Find me at this branch,,,,
barberFindMeAtBranches,Service / Barber detail,Najdete mě na pobočkách,Find me at these branches,,,,
barberFullyBookedThatDay,Service / Barber detail,Tento den plně obsazeno,Fully booked this day,,,,
barberFullyBookedToday,Service / Barber detail,Dnes plně obsazeno,Fully booked today,,,,
barberHairstyleSkills,Service / Barber detail,Střihy,Haircuts,,,,
barberLanguages,Service / Barber detail,Mluvím,I speak,,,,
barberLoadAllShifts,Service / Barber detail,Načíst všechny směny,Load all shifts,,,,
barberLoadMoreShifts,Service / Barber detail,Načíst další směny,Load more shifts,,,,
barberMenuBook,Service / Barber detail,Rezervuj se ke mě,Book with me,,,,
barberMenuOpen,Service / Barber detail,Další akce,More actions,,,,
barberMenuRate,Service / Barber detail,Ohodnotit,Rate,,,,
barberMenuShare,Service / Barber detail,Sdílet,Share,,,,
barberMine,Service / Barber detail,Moje,Mine,,,,
barberMyFavorites,Service / Barber detail,Moje nejoblíbenější,My favorites,,,,
barberNearestSlotTitle,Service / Barber detail,Nejbližší termín,Nearest slot,,,,
barberNearestSlotsTitle,Service / Barber detail,Nejbližší termíny,Nearest slots,,,,
barberNoAvailability,Service / Barber detail,Kalendář směn zatím není k dispozici.,Shift calendar is not available yet.,,,,
barberNoReviews,Service / Barber detail,Zatím žádné recenze.,No reviews yet.,,,,
barberNoShifts,Service / Barber detail,Žádné naplánované směny.,No scheduled shifts.,,,,
barberNotFound,Service / Barber detail,Holič nenalezen,Barber not found,,,,
barberPhoneCall,Service / Barber detail,Zavolat,Call,,,,
barberReserveWith,Service / Barber detail,Rezervovat u tohoto holiče,Reserve with this barber,,,,
barberReview,Barber detail,Recenze,Review,,,,
barberReviewsLoadError,Service / Barber detail,Recenze se nepodařilo načíst.,Could not load reviews.,,,,
barberReviewsLoading,Service / Barber detail,Načítám…,Loading…,,,,
barberReviewsNext,Service / Barber detail,Další,Next,,,,
barberReviewsPrevious,Service / Barber detail,Předchozí,Previous,,,,
barberScrollToAvailability,Service / Barber detail,"""Podívejte se, kdy jsem příště""",See when I am available next,,,,
barberSelect,Service / Barber detail,Vybrat,Select,,,,
barberServices,Barber detail,Služby,Services,,,,
barberShareCopied,Service / Barber detail,Zkopírováno,Copied,,,,
barberShareCopyLink,Service / Barber detail,Kopírovat odkaz na profil,Copy profile link,,,,
barberShareEmail,Service / Barber detail,E-mail,Email,,,,
barberShareEmailBody,Service / Barber detail,Podívej se na profil {name}:\n{url},Check out {name}\'s profile:\n{url},,,,
barberShareEmailSubject,Service / Barber detail,Profil {name} — Real Barber,Profile {name} — Real Barber,,,,
barberShareFacebook,Service / Barber detail,Facebook,Facebook,,,,
barberShareSheetTitle,Service / Barber detail,Sdílet profil,Share profile,,,,
barberShareTelegram,Service / Barber detail,Telegram,Telegram,,,,
barberShareWhatsApp,Service / Barber detail,WhatsApp,WhatsApp,,,,
barberShiftCalendarConfigNeeded,Service / Barber detail,Pro zobrazení dostupnosti je potřeba nastavení kalendáře.,Shift calendar needs to be configured.,,,,
barberSkills,Service / Barber detail,Dovednosti,Skills,,,,
barberStories,Service / Barber detail,Stories,Stories,,,,
barberStoriesTeaser,Service / Barber detail,Podívejte se na nové stories,Check out new stories,,,,
barberTodayShift,Service / Barber detail,Dnes má směnu,On shift today,,,,
barberTodaySlots,Service / Barber detail,Dnešní volné termíny,Today's available slots,,,,
barberUnavailableToday,Service / Barber detail,Dnes už jsem skončil/a,I'm done for today,,,,
barberUpdateReview,Barber detail,Upravit recenzi,Update review,,,,
barberVideo,Service / Barber detail,Video,Video,,,,
barberWorkSamples,Barber detail,Ukázky práce,Work samples,,,,
barberWriteReview,Barber detail,Napsat recenzi,Write review,,,,
bookingAddToCalendar,Trip detail / Booking detail,Přidat do kalendáře,Add to calendar,,,,
bookingAddToCalendarDescription,Trip detail / Booking detail,"""Přidá událost s datem, časem a místem do kalendáře.""","""Adds a calendar event with date, time, and location.""",,,,
bookingAddToCalendarFailed,Trip detail / Booking detail,Kalendář se nepodařilo otevřít. Zkuste to prosím znovu.,The calendar could not be opened. Please try again.,,,,
bookingAnyEmployeeMeta,Reservation create flow,Volné termíny dohromady,Combined available times,,,,
bookingApprove,Booking detail,Schválit,Approve,,,,
bookingBranchSelect,Reservation create flow,Vybrat pobočku,Select branch,,,,
bookingCalendarNoteBarber,Trip detail / Booking detail,Kadeřník,Barber,,,,
bookingCleaningFee,Trip detail / Booking detail,Poplatek za úklid,Cleaning fee,,,,
bookingContactYourDetails,Reservation create flow,Vaše údaje,Your details,,,,
bookingContinue,Reservation create flow,Pokračovat,Continue,,,,
bookingCouponAppliedAt,Trip detail / Booking detail,Uplatněno,Applied,,,,
bookingCouponChoiceTitle,Reservation create flow,Slevový kód / Dárkový poukaz,Discount code / Gift voucher,,,,
bookingCouponCodeLabel,Trip detail / Booking detail,Kód,Code,,,,
bookingCouponNotMatchedHint,Reservation create flow,"""Kód platí, ale nemusí být vázaný na váš účet.""",The code is valid but may not be linked to your account.,,,,
bookingCouponSectionTitle,Trip detail / Booking detail,Byl uplatněn kupón,Coupon applied,,,,
bookingCouponUsageShort,Trip detail / Booking detail,Kupón,Coupon,,,,
bookingDatetimeContactOperator,Reservation create flow,Napsat operátorovi,Contact support,,,,
bookingDatetimeEmptyDayBodyGeneric,Reservation create flow,Tento den není dostupný volný čas.,No available time on this day.,,,,
bookingDatetimeEmptyDayBodyNamed,Reservation create flow,{employee} ten den nemá volný čas nebo nepracuje.,{employee} has no available time on this day or is not working.,,,,
bookingDatetimeEmptyDayTitle,Reservation create flow,{day} - tento den není dostupný,{day} - this day is unavailable,,,,
bookingDatetimeGoToDay,Reservation create flow,Přejít na {day},Go to {day},,,,
bookingDatetimeGoToNearest,Reservation create flow,Přejít na nejbližší dostupné datum,Go to nearest available date,,,,
bookingDatetimeNearestAvailableLabel,Reservation create flow,Nejbližší dostupné datum:,Nearest available date:,,,,
bookingDatetimeNoSlotsToday,Reservation create flow,Tento den již nejsou volné termíny,No available time slots left for this day,,,,
bookingDatetimeNoTimeSection,Reservation create flow,Nenašli jste čas?,Did not find a time?,,,,
bookingDetailCancelBooking,Trip detail,Opravdu chcete zrušit rezervaci?,Cancel this booking?,,,,
bookingDetailCancelButton,Trip detail,Zrušit,Cancel,,,,
bookingDetailCancelConfirmAtBranch,Trip detail,na pobočce,at,,,,
bookingDetailCancelConfirmIntro,Trip detail,Rezervace je naplánovaná na,Your booking is scheduled for,,,,
bookingDetailCancelError,Trip detail,Rezervaci se nepodařilo zrušit,Failed to cancel booking,,,,
bookingDetailCancelNo,Trip detail,Nechat být,Keep booking,,,,
bookingDetailCancelReasonPlaceholder,Trip detail,Důvod (nepovinné),Reason (optional),,,,
bookingDetailCancelSuccess,Trip detail,Rezervace byla zrušena,Booking cancelled,,,,
bookingDetailCancelYes,Trip detail,Zrušit rezervaci,Cancel booking,,,,
bookingDetailFullMap,Trip detail,Celá mapa,Full map,,,,
bookingDetailLocation,Trip detail,Poloha,Location,,,,
bookingDetailMoveButton,Trip detail,Přesunout,Reschedule,,,,
bookingDetailMoveReservation,Trip detail,Přesunout rezervaci,Reschedule,,,,
bookingDetailPostBookingCalendarLater,Trip detail / Booking detail,Teď ne,Not now,,,,
bookingDetailPostBookingCalendarTitle,Trip detail / Booking detail,Přidat do kalendáře?,Add to calendar?,,,,
bookingDetailRepeatReservation,Trip detail,Opakovat,Repeat,,,,
bookingDetailServiceFee,Trip detail,Poplatek za službu (odečteno),Service fee (deducted),,,,
bookingDetailTaxes,Trip detail,Daně,Taxes,,,,
bookingDetailTitle,Trip detail / Booking detail,Detail rezervace,Booking Detail,,,,
bookingDetailYourEarnings,Trip detail,Vaše výdělky,Your earnings,,,,
bookingDetails,Trip detail / Booking detail,Detaily rezervace,Booking details,,,,
bookingDiscountCodeOption,Reservation create flow,Slevový kód,Discount code,,,,
bookingDiscountCodeSheetHint,Reservation create flow,Vložte slevový kód,Enter your discount code,,,,
bookingDiscountCodeSheetTitle,Reservation create flow,Slevový kód,Discount code,,,,
bookingDuration,Trip detail / Booking detail,Délka,Duration,,,,
bookingEmployeeAbout,Reservation create flow,O mně,About me,,,,
bookingEmployeeFullProfile,Reservation create flow,Celý profil,Full profile,,,,
bookingEmployeeLanguages,Reservation create flow,Jazyky,Languages,,,,
bookingEmployeeNearest,Reservation create flow,Nejbližší termín,Next available,,,,
bookingEmployeeNoSlots,Reservation create flow,Bez volných termínů,No available slots,,,,
bookingEmployeeSelect,Reservation create flow,Vybrat,Select,,,,
bookingEmployeeViewProfile,Reservation create flow,Zobrazit profil,View profile,,,,
bookingFrom,Trip detail / Booking detail,Od,From,,,,
bookingGiftVoucherContinue,Reservation create flow,Pokračovat,Continue,,,,
bookingGiftVoucherOption,Reservation create flow,Dárkový poukaz,Gift voucher,,,,
bookingGiftVoucherSheetTitle,Reservation create flow,Dárkový poukaz,Gift voucher,,,,
bookingGuestInfo,Trip detail / Booking detail,Informace o hostu,Guest Information,,,,
bookingInCareOf,Trip detail / Booking detail,V péči u,In care of,,,,
bookingLoadFailed,Trip detail / Booking detail,Nepodařilo se načíst,Failed to load,,,,
bookingMessage,Trip detail / Booking detail,Zpráva,Message,,,,
bookingMessageFromGuest,Trip detail / Booking detail,Zpráva od hosta,Message from guest,,,,
bookingMessageGuest,Booking detail,Napsat hostovi,Message guest,,,,
bookingMinutesShort,Trip detail / Booking detail,min,min,,,,
bookingNotFound,Trip detail / Booking detail,Rezervace nenalezena,Booking not found,,,,
bookingOpenEmployeeProfile,Trip detail / Booking detail,Profil holiče,Barber profile,,,,
bookingOtpConfirm,Reservation create flow,Potvrdit rezervaci,Confirm booking,,,,
bookingOtpHint,Reservation create flow,Zadejte kód z SMS na číslo,Enter the SMS code sent to,,,,
bookingOtpTitle,Reservation create flow,Potvrzení telefonu,Phone verification,,,,
bookingPriceDetails,Trip detail / Booking detail,Cenové detaily,Price details,,,,
bookingProgressBranch,Reservation create flow,Pobočka,Branch,,,,
bookingProgressContact,Reservation create flow,Kontakt,Contact,,,,
bookingProgressDatetime,Reservation create flow,Termín,Time,,,,
bookingProgressEmployee,Reservation create flow,Holič,Barber,,,,
bookingProgressService,Reservation create flow,Služba,Service,,,,
bookingProgressSummary,Reservation create flow,Shrnutí,Summary,,,,
bookingReject,Booking detail,Odmítnout,Reject,,,,
bookingRequestDetails,Trip detail / Booking detail,Detaily žádosti,Request details,,,,
bookingReservationDetails,Trip detail / Booking detail,Detaily rezervace,Reservation details,,,,
bookingReservationNumber,Trip detail / Booking detail,Číslo rezervace,Reservation number,,,,
bookingReserveTerm,Reservation create flow,Rezervovat termín,Book appointment,,,,
bookingSendRbcTip,Trip detail / Booking detail,Poslat RBC jako spropitné,Send RBC as tip,,,,
bookingServiceFallback,Trip detail / Booking detail,Služba,Service,,,,
bookingServiceSelect,Reservation create flow,Vybrat tuto službu,Select this service,,,,
bookingShareButton,Trip detail,Sdílet,Share,,,,
bookingShareDetailButton,Trip detail,Sdílet detail rezervace,Share booking detail,,,,
bookingShareMyBookingButton,Trip detail,Sdílet rezervaci,Share booking,,,,
bookingSharePreviewChip,Trip detail,Co uvidí příjemce?,What will they see?,,,,
bookingShareSheetTitle,Trip detail,Sdílet rezervaci,Share booking,,,,
bookingShareTitle,Trip detail,Podívej se na mou rezervaci | Real Barber,Check out my booking | Real Barber,,,,
bookingSlotHandoffDateAt,Reservation create flow,{date} v {time},{date} at {time},,,,
bookingSlotHandoffDateEarliest,Reservation create flow,{date} nejdříve v {time},Earliest {date} at {time},,,,
bookingSlotHandoffDayAfterTomorrowAt,Reservation create flow,Pozítří v {time},Day after tomorrow at {time},,,,
bookingSlotHandoffDayAfterTomorrowEarliest,Reservation create flow,Pozítří nejdříve v {time},Earliest day after tomorrow at {time},,,,
bookingSlotHandoffDayToday,Reservation create flow,dnes,today,,,,
bookingSlotHandoffSubtitle,Reservation create flow,Pro tento termín u vybraného holiče,For this time with your selected barber,,,,
bookingSlotHandoffTodayAt,Reservation create flow,Dnes v {time},Today at {time},,,,
bookingSlotHandoffTodayEarliest,Reservation create flow,Dnes nejdříve v {time},Earliest today at {time},,,,
bookingSlotHandoffTomorrowAt,Reservation create flow,Zítra v {time},Tomorrow at {time},,,,
bookingSlotHandoffTomorrowEarliest,Reservation create flow,Zítra nejdříve v {time},Earliest tomorrow at {time},,,,
bookingStatus,Trip detail / Booking detail,Stav,Status,,,,
bookingStatusCancelled,Trips card,Zrušené,Cancelled,,,,
bookingStatusInProgress,Trips card,Probíhá,In progress,,,,
bookingStatusPast,Trips card,Minulé,Past,,,,
bookingStatusUpcoming,Trips card,Nadcházející,Upcoming,,,,
bookingSummaryMissingSlot,Reservation create flow,Nejdřív vyberte termín u konkrétního holiče.,Please select a time slot with a specific barber first.,,,,
bookingSummaryPrice,Reservation create flow,Cena,Price,,,,
bookingTo,Trip detail / Booking detail,Do,To,,,,
bookingTotal,Trip detail / Booking detail,Celkem,Total,,,,
bookingWaitlist,Reservation create flow,Čekací listina,Waitlist,,,,
bookingYourAppointment,Trip detail / Booking detail,Vaše návštěva,Your appointment,,,,
branchAboutSalon,Branch detail,O salonu,About the salon,,,,
branchAddressNotSet,Branch detail,Adresa není zadána,Address not set,,,,
branchContactSmsAria,Branch detail,Napsat SMS,Send SMS,,,,
branchContactTelegramAria,Branch detail,Napsat Telegram,Send Telegram,,,,
branchContactWhatsAppAria,Branch detail,Napsat WhatsApp,Send WhatsApp,,,,
branchCopyAddress,Service / Barber detail,Zkopírovat adresu,Copy address,,,,
branchDescription,Branch detail,Popis pobočky,Branch description,,,,
branchDirectionsVideoTitle,Branch detail,Jak se k nám dostanete?,How to get to us,,,,
branchFullRating,Branch detail,Celý průměr,Full rating,,,,
branchInteriorTitle,Branch detail,Interiér,Interior,,,,
branchLoadingReviews,Branch detail,Načítání recenzí…,Loading reviews…,,,,
branchMenuBook,Service / Barber detail,Objednat se na pobočku,Book at branch,,,,
branchMenuOpen,Service / Barber detail,Menu pobočky,Branch menu,,,,
branchMine,Branch detail,Moje,Mine,,,,
branchNavigateSectionTitle,Kudy,Navigovat,Navigate,,,,
branchNavigateSheetHeading,Kudy,Navigovat do pobočky,Navigate to branch,,,,
branchOtherBranchesTitle,Branch detail,Další pobočky,Other branches,,,,
branchParkingMapTitle,Branch detail,Parkovací mapa,Parking map,,,,
branchReadMore,Branch detail,Číst více,Read more,,,,
branchReserve,Branch detail,Rezervovat,Reserve,,,,
branchReview,Branch detail,Recenze,Review,,,,
branchReviews,Branch detail,recenze,reviews,,,,
branchServices,Branch detail,Služby,Services,,,,
branchShareEmailBody,Service / Barber detail,Podívej se na pobočku {name}:\n{url},Check out branch {name}:\n{url},,,,
branchShareEmailSubject,Service / Barber detail,Pobočka {name} — Real Barber,Branch {name} — Real Barber,,,,
branchShareSheetTitle,Service / Barber detail,Sdílet pobočku,Share branch,,,,
branchTeam,Branch detail,Tým,Team,,,,
branchTitle,Branch detail,Pobočka,Branch,,,,
branchUpdateReview,Branch detail,Upravit recenzi,Update review,,,,
branchView3d,Branch detail,Prohlédnout pobočku ve 3D,View the branch in 3D,,,,
branchVirtualTourTitle,Branch detail,Virtuální prohlídka,Virtual tour,,,,
branchWeb,Branch detail,Web,Web,,,,
branchWriteReview,Branch detail,Napsat recenzi,Write review,,,,
branchesGallery,Common,Galerie,Gallery,,,,
breadcrumbBlog,Home tabs (horizontal scroll under home),Blog,Blog,,,,
breadcrumbNavLabel,Home tabs (horizontal scroll under home),Drobečková navigace,Breadcrumb navigation,,,,
calendarNextWeek,Calendar chips,Příští týden,Next week,,,,
calendarThisMonth,Calendar chips,Tento měsíc,This month,,,,
calendarThisWeek,Calendar chips,Tento týden,This week,,,,
calendarTitle,Calendar,Kalendář,Calendar,,,,
calendarUpcomingBookings,Calendar,Nadcházející rezervace,Upcoming Bookings,,,,
cancelReasonChangeOfPlans,Trip detail,Změna plánů,Change of plans,,,,
cancelReasonNoTime,Trip detail,Nestíhám :(,I won't make it :(,,,,
cancelReasonOther,Trip detail,Jiný důvod,Other reason,,,,
cancelReasonOtherTerm,Trip detail,Mám jiný termín,I have a different time,,,,
changePasswordConfirmNew,Auth,Potvrdit nové heslo,Confirm new password,,,,
changePasswordCurrent,Auth,Aktuální heslo,Current password,,,,
changePasswordErrorFailed,Auth,Změna hesla se nepodařila. Zkontrolujte prosím své aktuální heslo.,Failed to change password. Please check your current password.,,,,
changePasswordErrorFillAll,Auth,Vyplňte prosím všechna pole.,Please fill in all fields.,,,,
changePasswordErrorMinLength,Auth,Nové heslo musí mít alespoň 6 znaků.,New password must be at least 6 characters.,,,,
changePasswordErrorMismatch,Auth,Nová hesla se neshodují.,New passwords do not match.,,,,
changePasswordErrorNotLoggedIn,Auth,Musíte být přihlášeni.,You must be logged in.,,,,
changePasswordErrorSameAsCurrent,Auth,Nové heslo musí být jiné než aktuální.,New password must be different from current password.,,,,
changePasswordHintMinLength,Auth,Heslo musí mít alespoň 6 znaků.,Password must be at least 6 characters.,,,,
changePasswordNew,Auth,Nové heslo,New password,,,,
changePasswordPlaceholderConfirm,Auth,Zadejte nové heslo znovu,Enter new password again,,,,
changePasswordPlaceholderCurrent,Auth,Zadejte aktuální heslo,Enter current password,,,,
changePasswordPlaceholderNew,Auth,Zadejte nové heslo (min. 6 znaků),Enter new password (min. 6 characters),,,,
changePasswordSuccessTitle,Auth,Heslo změněno,Password changed,,,,
changePasswordTipLabel,Auth,Tip:,Tip:,,,,
changePasswordTipText,Auth,"""Použijte silné heslo s písmeny, čísly a speciálními znaky.""","""Use a strong password with letters, numbers and special characters.""",,,,
changePasswordTitle,Change password,Změnit heslo,Change password,,,,
chatMessages,Chat,Zprávy,Messages,,,,
chatTitle,Chat,Chat,Chat,,,,
checkoutAddNewCard,Checkout,Přidat novou kartu,Add New Card,,,,
checkoutApplePay,Checkout,Apple Pay,Apple Pay,,,,
checkoutApplePayDescription,Checkout,Platba přes Apple Pay,Pay using Apple Pay,,,,
checkoutChooseMethod,Checkout,Vybrat způsob rezervace,Choose booking method,,,,
checkoutGooglePay,Checkout,Google Pay,Google Pay,,,,
checkoutGooglePayDescription,Checkout,Platba přes Google Pay,Pay using Google Pay,,,,
checkoutNoSpecialists,Checkout,V této pobočce nejsou žádní specialisté.,No specialists at this branch.,,,,
checkoutOrderReview,Checkout,Shrnutí objednávky,Order review,,,,
checkoutOrderReviewSubtitle,Checkout,Zkontrolujte svou objednávku,Review your logo design order,,,,
checkoutPayment,Checkout,Platba,Payment,,,,
checkoutPaymentMethod,Checkout,Platební metoda,Payment method,,,,
checkoutPaymentSubtitle,Checkout,Vyberte platební metodu pro vaši objednávku,Choose a payment method for your design service,,,,
checkoutProjectDetails,Checkout,Detaily projektu,Project Details,,,,
checkoutReview,Checkout,Recenze,Review,,,,
checkoutSelectMethodSubtitle,Checkout,"""Vyberte, jak chcete rezervovat""",Select how you want to book,,,,
checkoutSelectSpecialist,Checkout,Vybrat specialistu,Select specialist,,,,
checkoutSelectSpecialistSubtitle,Checkout,"""Vyberte barbera, jehož volné časy chcete vidět""",Choose the barber whose available times you want to see,,,,
clipboardCopied,Service / Barber detail,Zkopírováno!,Copied!,,,,
clipboardCopyAria,Service / Barber detail,Kopírovat,Copy,,,,
commonBack,Product detail,Zpět,Back,,,,
commonCancel,Common,Zrušit,Cancel,,,,
commonDelete,Common,Smazat,Delete,,,,
commonEdit,Service / Barber detail,Upravit,Edit,,,,
commonError,Common,Chyba,Error,,,,
commonLoading,Common,Načítání…,Loading…,,,,
commonNo,Common,Ne,No,,,,
commonRecipient,Transfer,Příjemce,Recipient,,,,
commonReserve,Service / Barber detail,Rezervovat,Reserve,,,,
commonSave,Common,Uložit,Save,,,,
commonViewAll,Common,Zobrazit vše,View all,,,,
commonYes,Common,Ano,Yes,,,,
communicationChannel_email,Settings,E-mail,Email,,,,
communicationChannel_phoneCall,Settings,Telefonický hovor,Phone call,,,,
communicationChannel_pushBasic,Settings,Push notifikace,Push notifications,,,,
communicationChannel_pushNotification,Settings,Push notifikace · Doporučujeme ✓,Push notifications · Recommended ✓,,,,
communicationChannel_sms,Settings,SMS,SMS,,,,
communicationChannel_telegram,Settings,Telegram,Telegram,,,,
communicationChannel_whatsApp,Settings,WhatsApp,WhatsApp,,,,
communicationContent_favoriteServicesAndProducts,Settings,Oblíbené služby a produkty,Favorite services and products,,,,
communicationContent_newsAndPromotions,Settings,Novinky a akce,News and promotions,,,,
communicationContent_reviewsAndFeedback,Settings,Recenze a zpětná vazba,Reviews and feedback,,,,
communicationContent_satisfactionSurveys,Settings,Průzkumy spokojenosti,Satisfaction surveys,,,,
communicationSettingsChannelsSection,Settings,Kanály,Channels,,,,
communicationSettingsContentSection,Settings,Typy obsahu,Content types,,,,
communicationSettingsLoadError,Settings,Nepodařilo se načíst nastavení.,Could not load settings.,,,,
communicationSettingsNeedLogin,Settings,Pro úpravu se přihlaste.,Sign in to change preferences.,,,,
communicationSettingsSaveError,Settings,Uložení se nezdařilo. Zkuste to znovu.,Save failed. Please try again.,,,,
communicationSettingsSubtitle,Settings,,Choose how we can reach you and what you want to hear about.,,,,
communicationSettingsTitle,Settings,Komunikační preference,Communication preferences,,,,
contactsAccessible,Real Barber home screen,Bezbariérový přístup,Step-free access,,,,
contactsBranchHoursIntro,Real Barber home screen,Všechny naše pobočky mají stejnou otevírací dobu:,All our branches share the same opening hours:,,,,
contactsFirstVisitCta,Real Barber home screen,Doporučení k první návštěvě v barbershopu,Tips for your first barbershop visit,,,,
contactsHowToGetTitle,Real Barber home screen,Jak se k nám dostanete?,How to get to us,,,,
contactsJumpNavLabel,Real Barber home screen,Přejít na pobočku,Jump to branch,,,,
contactsNoteLabel,Real Barber home screen,Poznámka:,Note:,,,,
contactsOpenInMaps,Real Barber home screen,Otevřít v Mapách,Open in Maps,,,,
contactsOperatorHoursAlertTitle,Real Barber home screen,Hodiny zákaznické podpory:,Customer support hours:,,,,
contactsOperatorHoursWeekdays,Real Barber home screen,Po–Pá: 08:30–21:30,Mon–Fri: 08:30–21:30,,,,
contactsOperatorHoursWeekend,Real Barber home screen,So–Ne: 09:30–18:30,Sat–Sun: 09:30–18:30,,,,
contactsOperatorStatusClosed,Real Barber home screen,Zákaznická podpora je offline,Customer support is offline,,,,
contactsOperatorStatusClosingSoon,Real Barber home screen,Zákaznická podpora brzy zavírá,Customer support closing soon,,,,
contactsOperatorStatusOpen,Real Barber home screen,Zákaznická podpora je online,Customer support is online,,,,
contactsOperatorStatusOpeningSoon,Real Barber home screen,Zákaznická podpora brzy otevírá,Customer support opening soon,,,,
contactsTitle,Real Barber home screen,Kontakty,Contacts,,,,
contactsTravelGoogleMaps,Real Barber home screen,Jeďte pohodlně s Google Maps,Go comfortably with Google Maps,,,,
contactsTravelUber,Real Barber home screen,Jeďte s Uber,Ride with Uber,,,,
contactsTravelWaze,Real Barber home screen,Jeďte bezpečně s Waze,Drive safely with Waze,,,,
contactsVisitRulesTitle,Real Barber home screen,Pravidla návštěv,Visit rules,,,,
currencyTitle,Currency,Měna,Currency,,,,
dashboardArrivingSoon,Dashboard,Brzy přijede,Arriving soon,,,,
dashboardRecentNotifications,Dashboard,Nedávná upozornění,Recent notifications,,,,
dashboardRecentReservations,Dashboard,Nedávné rezervace,Recent reservations,,,,
dashboardUpcoming,Dashboard,Nadcházející,Upcoming,,,,
datePickerCancel,Native date picker (iOS modal toolbar),Zrušit,Cancel,,,,
datePickerDone,Native date picker (iOS modal toolbar),Hotovo,Done,,,,
datePickerPlaceholder,Native date picker (iOS modal toolbar),Vyberte datum,Select date,,,,
earningsUpcoming,Earnings,Nadcházející,Upcoming,,,,
earningsYouveMade,Earnings,Vydělali jste,You've made,,,,
editProfileAddress,Edit profile,Adresa,Address,,,,
editProfileBirthday,Edit profile,Datum narození,Birthday,,,,
editProfileChangePhoto,Edit profile,Změnit fotku,Change photo,,,,
editProfileCity,Edit profile,Město,City,,,,
editProfileContact,Edit profile,Kontakt,Contact,,,,
editProfileCountry,Edit profile,Země,Country,,,,
editProfileEmail,Edit profile,E-mail,Email,,,,
editProfileFirstName,Edit profile,Jméno,First name,,,,
editProfileLastName,Edit profile,Příjmení,Last name,,,,
editProfileLoading,Edit profile,Načítání profilu…,Loading profile…,,,,
editProfilePersonalInfo,Edit profile,Osobní údaje,Personal information,,,,
editProfilePhone,Edit profile,Telefon,Phone,,,,
editProfilePhoneNumber,Edit profile,Telefonní číslo,Phone number,,,,
editProfilePhoto,Edit profile,Fotka,Photo,,,,
editProfilePhotoSourceCamera,Edit profile,Vyfotit,Take photo,,,,
editProfilePhotoSourceLibrary,Edit profile,Vybrat z galerie,Choose from library,,,,
editProfilePhotoSourceTitle,Edit profile,Vyberte zdroj fotky,Choose a photo source,,,,
editProfileRemovePhoto,Edit profile,Odstranit fotku,Remove photo,,,,
editProfileSaveChanges,Edit profile,Uložit změny,Save changes,,,,
editProfileSendSms,Edit profile,Odeslat SMS žádost,Send SMS request,,,,
editProfileStreet,Edit profile,Ulice,Street,,,,
editProfileSubtitle,Edit profile,Správa nastavení účtu,Manage your account settings,,,,
editProfileTitle,Edit profile,Nastavení profilu,Profile Settings,,,,
editProfileUploadPhoto,Edit profile,Nahrát fotku,Upload photo,,,,
editProfileWhatsApp,Edit profile,WhatsApp žádost,WhatsApp request,,,,
editProfileZip,Edit profile,PSČ,ZIP,,,,
experienceAllBarbers,Experience,Všichni barbeři,All barbers,,,,
experienceBestRated,Experience,Nejlépe hodnocení barbeři,Best rated barbers,,,,
experienceMyFavorites,Experience,Moji oblíbení barbeři,My favorite barbers,,,,
experienceNewBarbers,Experience,Noví barbeři,New barbers,,,,
experienceNewBarbersBadge,Experience,Nový,New,,,,
experienceNewBarbersDesc,Experience,,Barbers who have recently joined and are ready to take care of you.,,,,
experiencePopularToday,Experience,Dnes dostupní oblíbení barbeři,Popular barbers available today,,,,
experienceSchedule,Experience,Rozvrh,Schedule,,,,
favoritesBadgeBarber,Favorites tab,Holič,Barber,,,,
favoritesBadgeBranch,Favorites tab,Pobočka,Branch,,,,
favoritesBadgeGuide,Favorites tab,Průvodce,Guide,,,,
favoritesBadgeProduct,Favorites tab,Produkt,Product,,,,
favoritesBadgePromotion,Favorites tab,Akce,Promotion,,,,
favoritesBadgeService,Favorites tab,Služba,Service,,,,
favoritesBranches,Favorites tab,Pobočky,Branches,,,,
favoritesBrowseSubtitle,Favorites tab,"""Prohlížejte pobočky, holiče a služby a ukládejte si oblíbené""","""Browse branches, barbers and services and save your favorites""",,,,
favoritesEmployees,Favorites tab,Holiči,Barbers,,,,
favoritesFilterAll,Favorites tab,Vše,All,,,,
favoritesFilterEmpty,Favorites tab,V tomto filtru nemáte oblíbené,No favorites in this filter,,,,
favoritesNoFavoritesYet,Favorites tab,Zatím nemáte oblíbené,No favorites yet,,,,
favoritesServices,Favorites tab,Služby,Services,,,,
favoritesShare,Favorites,Sdílet,Share,,,,
favoritesSheetContinueBrowsing,Favorites tab,Pokračovat v prohlížení,Continue Browsing,,,,
favoritesSheetMessageAdded,Favorites tab,bylo přidáno do vašich oblíbených.,has been added to your favourites.,,,,
favoritesSheetMessageRemoved,Favorites tab,bylo odebráno z vašich oblíbených.,has been removed from your favourites.,,,,
favoritesSheetTitleAdded,Favorites tab,Přidáno do oblíbených,Added to Favourites,,,,
favoritesSheetTitleRemoved,Favorites tab,Odebráno z oblíbených,Removed from Favourites,,,,
favoritesSheetViewFavourites,Favorites tab,Zobrazit oblíbené,View Favourites,,,,
favoritesShowMap,Favorites,Zobrazit mapu,Show map,,,,
favoritesTabTitle,Favorites tab,Oblíbené,Favorites,,,,
favoritesTitle,Favorites,Oblíbené,Favorite List,,,,
filtersAdditionalOptions,Filters,Další možnosti,Additional Options,,,,
filtersAirCompressors,Filters (extra),Kompresory,Air compressors,,,,
filtersAirConditioning,Filters (extra),Klimatizace,Air conditioning,,,,
filtersAmenities,Filters,Vybavení,Amenities,,,,
filtersAmenitiesLayout,Filters,Vybavení a uspořádání,Amenities and layout,,,,
filtersApply,Filters,Použít filtry,Apply Filters,,,,
filtersAtLeast,Filters,Alespoň,At least,,,,
filtersBranchSize,Filters,Velikost pobočky (m²),Branch size (m²),,,,
filtersCardPayment,Filters,Platba kartou,Card payment,,,,
filtersCoffeeMachine,Filters,Kávovar,Coffee machine,,,,
filtersElectricallyAdjustableChairs,Filters (extra),Elektricky nastavitelné křesla,Electrically adjustable chairs,,,,
filtersNumberChairs,Filters,Počet křesel,Number of chairs,,,,
filtersNumberWashBasins,Filters,Počet umyvadel,Number of wash basins,,,,
filtersParking,Filters (extra),Parkoviště,Parking,,,,
filtersSelfServiceCheckout,Filters (extra),Samoobslužná pokladna,Self-service checkout,,,,
filtersTitle,Filters,Filtry,Filters,,,,
filtersWheelchairAccessible,Filters,Bezbariérový přístup,Wheelchair accessible,,,,
filtersWifi,Filters (extra),Wifi,Wifi,,,,
filtersWithin100mBus,Filters (extra),Do 100 m od autobusu,Within 100m of bus stop,,,,
filtersWithin100mMetro,Filters (extra),Do 100 m od metra,Within 100m of metro,,,,
filtersWithin100mTram,Filters (extra),Do 100 m od tramvaje,Within 100m of tram stop,,,,
forgotPasswordBackToLogin,Auth,Zpět na přihlášení,Back to login,,,,
forgotPasswordEmail,Auth,E-mail,Email,,,,
forgotPasswordSendRequest,Auth,Odeslat žádost,Send request,,,,
guideMyHaircutsGotIt,"""Guide ""What's My style for""""",Rozumím,Got it,,,,
guideMyHaircutsNext,"""Guide ""What's My style for""""",Další,Next,,,,
guidesLoading,Guides,Načítání průvodců…,Loading guides…,,,,
guidesNoGuides,Guides,Zatím žádní průvodci.,No guides yet.,,,,
haircutAdd,Haircut,Přidat střih,Add haircut,,,,
haircutBarber,Haircut form,Holič,Barber,,,,
haircutCreateAddPhoto,Add property steps & texts,Přidat fotku,Add photo,,,,
haircutCreateAddPhotos,Add property steps & texts,Přidat fotky účesu,Add haircut photos,,,,
haircutCreateAmenityCameBack,Add property – features/amenities (step 4),Vrátil jsem se k němu,Came back to it,,,,
haircutCreateAmenityLongLasting,Add property – features/amenities (step 4),Dlouho vydrží,Long lasting,,,,
haircutCreateAmenityLowMaintenance,Add property – features/amenities (step 4),Nízká údržba,Low maintenance,,,,
haircutCreateAmenityMyFavourite,Add property – features/amenities (step 4),Můj oblíbený účes,My favourite haircut,,,,
haircutCreateAmenityNoDryHair,Add property – features/amenities (step 4),Nemusím sušit vlasy,Don't need to dry hair,,,,
haircutCreateAmenityPeopleCompliment,Add property – features/amenities (step 4),"""Účes, za který se chválí""",Haircut people compliment most,,,,
haircutCreateAmenityRecommendedByBarber,Add property – features/amenities (step 4),Doporučil holič,Recommended by barber,,,,
haircutCreateAmenityRequiresStyling,Add property – features/amenities (step 4),Vyžaduje styling,Requires styling,,,,
haircutCreateAmenitySomethingNew,Add property – features/amenities (step 4),Zkouším něco nového,Trying something new,,,,
haircutCreateAmenityStyling,Add property – features/amenities (step 4),Styling,Styling,,,,
haircutCreateAmenityWantToTry,Add property – features/amenities (step 4),Chci vyzkoušet,Want to try,,,,
haircutCreateAmenityWithBeard,Add property – features/amenities (step 4),Sluší s vousy,Looks good with beard,,,,
haircutCreateAtLeastOnePhoto,Add property steps & texts,Aspoň jedna fotka pomůže. Další můžete doplnit později.,At least one photo helps. You can add more or edit later.,,,,
haircutCreateBasicDetails,Add property steps & texts,Základní údaje o účesu,Basic haircut details,,,,
haircutCreateChooseOption,Add property steps & texts,"""Vyberte možnost, která vám nejvíc sedí""",Choose the option that fits you best,,,,
haircutCreateChooseSeason,Add property steps & texts,"""Vyberte, kdy tento účes nosíte nejvíc""",Choose when you wear this haircut most,,,,
haircutCreateCongratulations,Add property steps & texts,Gratulujeme!,Congratulations!,,,,
haircutCreateCutSaveFailed,Add property steps & texts,Účes se nepodařilo uložit. Zkuste to prosím znovu.,Could not save your haircut. Please try again.,,,,
haircutCreateDescription,Add property / haircut,Popis,Description,,,,
haircutCreateDifficulty,Add property / haircut,Obtížnost,Difficulty,,,,
haircutCreateEasyTitle,Add property steps & texts,Přidat účes je snadné,It's easy to add your haircut,,,,
haircutCreateFillLengths,Add property steps & texts,Vyplňte délky a jak často chodíte na úpravu,Fill in lengths and how often to refresh the cut,,,,
haircutCreateForWhichSeason,Add property steps & texts,Pro jaké období?,For which season?,,,,
haircutCreateHowDemanding,Add property steps & texts,Jak náročný je účes na styling a kdo vám ho dělal?,How demanding is the haircut to style and who did it for you?,,,,
haircutCreateHowOftenTrim,Add property steps & texts,Jak často na úpravu?,How often to trim?,,,,
haircutCreateLengthAtEars,Add property steps & texts,Délka u uší,Length at ears,,,,
haircutCreateLengthCm,Add property steps & texts,Délka v cm,Length in cm,,,,
haircutCreateLengthOnTop,Add property steps & texts,Délka nahoře,Length on top,,,,
haircutCreateLetsGo,Add property steps & texts,Jdeme na to,Let's go,,,,
haircutCreateLoginRequired,Add property steps & texts,Pro uložení účesu se prosím přihlaste.,Log in to save your haircut.,,,,
haircutCreateNowName,Add property steps & texts,Pojmenujte svůj účes,Now name your haircut,,,,
haircutCreateSeasonAllYear,Add property – seasons (step 2),Celoroční,All-year,,,,
haircutCreateSeasonAllYearDesc,Add property – seasons (step 2),Nosíte ho pořád.,You wear it all the time.,,,,
haircutCreateSeasonSummer,Add property – seasons (step 2),Letní,Summer,,,,
haircutCreateSeasonSummerDesc,Add property – seasons (step 2),Účes pro teplé měsíce.,Haircut for warm months.,,,,
haircutCreateSeasonWinter,Add property – seasons (step 2),Zimní,Winter,,,,
haircutCreateSeasonWinterDesc,Add property – seasons (step 2),Účes pro chladné počasí.,Haircut for cold weather.,,,,
haircutCreateSelectBarber,Add property / haircut,"""Vyberte, kdo vám stříhal""",Select who did your haircut,,,,
haircutCreateShortName,Add property steps & texts,Stačí krátký název. Můžete ho kdykoli změnit.,A short name is enough. You can change it anytime.,,,,
haircutCreateStep1Desc,Add property steps & texts,Vymyslete název a vytvořte.,Come up with a name and create.,,,,
haircutCreateStep1Title,Add property steps & texts,Vytvořte si účes,Create your haircut,,,,
haircutCreateStep2Desc,Add property steps & texts,"""Přidejte fotky, popis, preference—přesně jak to chcete vy.""","""Add photos, description, your preferences—exactly how YOU want it.""",,,,
haircutCreateStep2Title,Add property steps & texts,Nastavte pravidla pro váš účes,Set the rules for your haircut,,,,
haircutCreateStep3Desc,Add property steps & texts,Získejte vysněný střih a nemusíte nikomu nic vysvětlovat.,Get your dream fresh cut and don't explain a thing to anyone.,,,,
haircutCreateStep3Title,Add property steps & texts,Dokončete a uložte,Finish and save,,,,
haircutCreateStepBasics,Add property steps & texts,Základní údaje,Basics,,,,
haircutCreateStepFeatures,Add property steps & texts,Vlastnosti,Features,,,,
haircutCreateStepHaircutType,Add property steps & texts,Typ účesu,Haircut type,,,,
haircutCreateStepPhotos,Add property steps & texts,Fotky,Photos,,,,
haircutCreateStepSeason,Add property steps & texts,Období,Season,,,,
haircutCreateStepStyling,Add property steps & texts,Styling a holič,Styling & stylist,,,,
haircutCreateStepSuccess,Add property steps & texts,Hotovo,Success,,,,
haircutCreateStepTitleDesc,Add property steps & texts,Název a popis,Title & Description,,,,
haircutCreateStylingDifficulty,Add property steps & texts,Náročnost stylingu a holič,Styling difficulty and stylist,,,,
haircutCreateSuccessMessage,Add property steps & texts,"""Už jen krůček, klikni na Dokončit a prohlédni si svůj účes.""",Just one more step — tap Complete and take a look at your haircut.,,,,
haircutCreateTakePhoto,Add property steps & texts,Vyfotit,Take photo,,,,
haircutCreateTitle,Add property / haircut,Název,Title,,,,
haircutCreateTitleQuickIdeas,Add property steps & texts,Tipy — klepnutím doplníte název,Quick ideas — tap to fill the name,,,,
haircutCreateTitleSuggestAntiGravity,Add property steps & texts,Antigravitační pokus,Anti-gravity experiment,,,,
haircutCreateTitleSuggestBrainBurst,Add property steps & texts,Mozkový výboj 3000,Brain blast 3000,,,,
haircutCreateTitleSuggestChaosChic,Add property steps & texts,Chaos chic,Chaos chic,,,,
haircutCreateTitleSuggestCtrlVFade,Add property steps & texts,Ctrl+C Ctrl+V fade,Ctrl+C Ctrl+V fade,,,,
haircutCreateTitleSuggestExperimentWrong,Add property steps & texts,Experiment gone wrong,Experiment gone wrong,,,,
haircutCreateTitleSuggestExplosionMess,Add property steps & texts,Rozcuch po výbuchu,Messy after the blast,,,,
haircutCreateTitleSuggestFiveMinRush,Add property steps & texts,Rychlovka na 5 minut,Five-minute rush job,,,,
haircutCreateTitleSuggestForestHermit,Add property steps & texts,Lesní poustevník,Forest hermit,,,,
haircutCreateTitleSuggestGandalfUnfinished,Add property steps & texts,Nedokončený Gandalf (👀),Unfinished Gandalf (👀),,,,
haircutCreateTitleSuggestHedgehogTemu,Add property steps & texts,Na ježka z Temu,Temu hedgehog chic,,,,
haircutCreateTitleSuggestLostComb,Add property steps & texts,Ztracený hřeben,Lost comb,,,,
haircutCreateTitleSuggestMorningPanic,Add property steps & texts,Ranní panika deluxe,Morning panic deluxe,,,,
haircutCreateTitleSuggestNaturalDisaster,Add property steps & texts,Přírodní katastrofa,Natural disaster,,,,
haircutCreateTitleSuggestNoIdeaHolds,Add property steps & texts,"""Nevím, co dělám, ale drží to""",No idea what I'm doing but it holds,,,,
haircutCreateTitleSuggestStaticElegance,Add property steps & texts,Statická elegance,Static elegance,,,,
haircutCreateTitleSuggestStrongerWind,Add property steps & texts,Vítr byl silnější,The wind was stronger,,,,
haircutCreateTitleSuggestVikingParty,Add property steps & texts,Viking po flámu,Viking after the party,,,,
haircutCreateTypeCasual,Add property – haircut types (step 1),Casual,Casual,,,,
haircutCreateTypeLonger,Add property – haircut types (step 1),Delší,Longer,,,,
haircutCreateTypeMediumLength,Add property – haircut types (step 1),Střední délka,Medium length,,,,
haircutCreateTypeModern,Add property – haircut types (step 1),Moderní,Modern,,,,
haircutCreateTypeOffice,Add property – haircut types (step 1),Do kanceláře,Office,,,,
haircutCreateTypeRetro,Add property – haircut types (step 1),Retro,Retro,,,,
haircutCreateTypeShorter,Add property – haircut types (step 1),Kratší,Shorter,,,,
haircutCreateTypeSporty,Add property – haircut types (step 1),Sportovní,Sporty,,,,
haircutCreateWeeksToComeIn,Add property steps & texts,Každých kolik týdnů přijít,Every how many weeks to come in,,,,
haircutCreateWeeksUnit,Add property steps & texts,týdnů,weeks,,,,
haircutCreateWhatDescribes,Add property steps & texts,Co nejlépe vystihuje váš účes?,What best describes your haircut?,,,,
haircutCreateWhatGoesWith,Add property steps & texts,Co k účesu patří?,What goes with this haircut?,,,,
haircutDetailCreatedAtPrefix,Trip detail / Booking detail,Datum vytvoření účesu,Haircut created,,,,
haircutDetailCreatedDateLabel,Trip detail / Booking detail,Datum,Date,,,,
haircutDetailCreatedTimeLabel,Trip detail / Booking detail,Čas,Time,,,,
haircutDetailCreatedWith,Trip detail / Booking detail,Účes jsme vytvořili s,We created this haircut with,,,,
haircutDetailNoteTitle,Trip detail / Booking detail,Podrobnosti účesu,Haircut details,,,,
haircutDetailPhotoUploadFailed,Trip detail / Booking detail,Fotku se nepodařilo nahrát. Zkuste to znovu.,Could not upload the photo. Please try again.,,,,
haircutDetailPhotosEmpty,Trip detail / Booking detail,Žádné fotky u tohoto účesu.,No photos for this haircut yet.,,,,
haircutDetailPhotosSection,Trip detail / Booking detail,Obrázky účesu,Haircut photos,,,,
haircutName,Haircut form,Název,Name,,,,
haircutNameLabel,Haircut form,Název účesu,Haircut name,,,,
haircutNote,Haircut form,Poznámka,Note,,,,
haircutNoteSectionDescription,Trip detail / Booking detail,Popis,Description,,,,
haircutNoteSectionDifficulty,Trip detail / Booking detail,Náročnost,Difficulty,,,,
haircutNoteSectionFeatures,Trip detail / Booking detail,Vlastnosti,Features,,,,
haircutNoteSectionMeasurements,Trip detail / Booking detail,Délky a péče,Lengths and care,,,,
haircutNoteSectionOther,Trip detail / Booking detail,Další,Other,,,,
haircutNoteSectionOverview,Trip detail / Booking detail,Typ a období,Type and season,,,,
haircutPhotos,Haircut,Fotky,Photos,,,,
haircutStatsAvgInterval,Visit frequency stats,Průměrný interval,Average interval,,,,
haircutStatsBookCta,Visit frequency stats,Objednat nový termín,Book a new appointment,,,,
haircutStatsDaysCount,Visit frequency stats,{count} dní,{count} days,,,,
haircutStatsLink,Visit frequency stats,Statistiky návštěv,Visit statistics,,,,
haircutStatsLongestPause,Visit frequency stats,Nejdelší pauza,Longest gap,,,,
haircutStatsNextVisit,Visit frequency stats,Další návštěva,Next visit,,,,
haircutStatsRecommendedIn,Visit frequency stats,Za {count} dní,In {count} days,,,,
haircutStatsRecommendedNow,Visit frequency stats,Nyní,Now,,,,
haircutStatsStatusApproaching,Visit frequency stats,Blíží se čas na stříhání,Time is approaching,,,,
haircutStatsStatusOk,Visit frequency stats,Vše v pořádku,All good,,,,
haircutStatsStatusOverdue,Visit frequency stats,Je čas se objednat,Time to book,,,,
haircutStatsSubtitle,Visit frequency stats,Jak často se chodíte stříhat,How often you get a haircut,,,,
haircutStatsTimeline,Visit frequency stats,Historie návštěv,Visit history,,,,
haircutStatsTimelineGap,Visit frequency stats,{count} dní,{count} days,,,,
haircutStatsTitle,Visit frequency stats,Statistiky,Statistics,,,,
haircutTitle,Haircut,Střih,Haircut,,,,
helpContactEmailType,Help,Podpora e-mailem,Email support,,,,
helpContactEmailValue,Help,info@realbarber.cz,info@realbarber.cz,,,,
helpContactHoursType,Help,Hodiny podpory,Support hours,,,,
helpContactHoursValue,Help,"""Po–Pá 8:30–21:30, So–Ne 9:30–18:30""","""Mon–Fri 8:30–21:30, Sat–Sun 9:30–18:30""",,,,
helpContactPhoneType,Help,Živá podpora,Live support,,,,
helpContactPhoneValue,Help,+420 608 332 881,+420 608 332 881,,,,
helpContactSubtitle,Help,"""Jsme tu kvůli rezervacím, pobočkám, barberům a čemukoli v aplikaci""","""We're here for reservations, branches, barbers, and anything in the app""",,,,
helpContactSupport,Help,Kontaktovat podporu,Contact Support,,,,
helpContactUs,Help,Kontaktujte nás,Contact Us,,,,
helpFaq,Help,Časté dotazy,Frequently Asked Questions,,,,
helpFaq10Q,Help,Kde změním oznámení nebo jazyk?,Where do I change notifications or language?,,,,
helpFaq1Q,Help,Jak si rezervuji návštěvu u barbera?,How do I book an appointment?,,,,
helpFaq2Q,Help,Mohu změnit nebo zrušit rezervaci?,Can I change or cancel a booking?,,,,
helpFaq3Q,Help,Proč mě aplikace žádá o přihlášení?,Why does the app ask me to sign in?,,,,
helpFaq4Q,Help,Jak fungují oblíbené?,How do favorites work?,,,,
helpFaq5Q,Help,Mohu si produkt z katalogu koupit přímo v aplikaci?,Can I buy a product from the catalogue in the app?,,,,
helpFaq6Q,Help,Co je sekce „Můj styl“?,What is “My style”?,,,,
helpFaq7Q,Help,Kde najdu pobočku na mapě?,Where do I find branches on the map?,,,,
helpFaq8Q,Help,Co znamená „Kudy k nám“?,What does “How to get to us” mean?,,,,
helpFaq9Q,Help,Jak napíšu recenzi na pobočku nebo barbera?,How do I leave a review for a branch or barber?,,,,
helpTitle,Help,Nápověda a podpora,Help & Support,,,,
homeBarbers,Real Barber home screen,Barbeři,Barbers,,,,
homeBarbersSubtitle,Real Barber home screen,Najdi svého,Find yours,,,,
homeBookings,Real Barber home screen,Rezervace,Bookings,,,,
homeBookingsSubtitle,Real Barber home screen,Všechny mé rezervace,All my bookings,,,,
homeBranches,Real Barber home screen,Pobočky,Branches,,,,
homeBranchesSubtitle,Real Barber home screen,Vyber místo,Choose a location,,,,
homeContinueSearchBarbershops,Common,Najít pobočku na mapě,Find a branch on the map,,,,
homeCouponCopyCode,Real Barber home screen,Zkopírovat kód,Copy code,,,,
homeCouponDescriptionLabel,Real Barber home screen,Popis,Description,,,,
homeCouponDetailBenefitLabel,Real Barber home screen,Výhoda,Benefit,,,,
homeCouponDetailNotFound,Real Barber home screen,Tato nabídka už není k dispozici.,This offer is no longer available.,,,,
homeCouponDetailScopeLabel,Real Barber home screen,Kde platí,Where it applies,,,,
homeCouponLimitedScope,Real Barber home screen,"""Pouze u vybraných poboček, služeb nebo holičů""","""Limited to selected branches, services or staff""",,,,
homeCouponSheetCodeLabel,Real Barber home screen,Kód kupónu,Coupon code,,,,
homeCouponValidityLabel,Real Barber home screen,Platnost,Validity,,,,
homeCouponValidityPillFrom,Real Barber home screen,Od,From,,,,
homeCouponValidityPillUntil,Real Barber home screen,Do,Until,,,,
homeCreateBooking,Real Barber home screen,Objednat se,Book now,,,,
homeCreateBookingSubtitle,Real Barber home screen,Vyber službu a čas,Choose a service and time,,,,
homeHaircuts,Real Barber home screen,Účesy,Hairstyles,,,,
homePromoBadgeCoupon,Real Barber home screen,Kupón,Coupon,,,,
homePromoSectionTitle,Real Barber home screen,Tipy a nabídky,Tips & offers,,,,
homeRecentDefaultName,Real Barber home screen,Rezervace,Booking,,,,
homeRecentEmpty,Real Barber home screen,Zatím nemáte žádné rezervace.,No bookings yet.,,,,
homeRecentLoading,Real Barber home screen,Načítám…,Loading…,,,,
homeRecentTitle,Real Barber home screen,Nedávné,Recent,,,,
homeRepeatBookingTitle,Real Barber home screen,Zopakovat minulou rezervaci,Repeat last booking,,,,
homeSpotlightCurrent,Real Barber home screen,Právě probíhá,In progress,,,,
homeSpotlightOngoing,Real Barber home screen,Právě probíhá,In progress,,,,
homeSpotlightReview,Real Barber home screen,Jak jste byli spokojeni?,How was your experience?,,,,
homeSpotlightReviewRated,Real Barber home screen,Ohodnotili jste,You rated,,,,
homeSpotlightSoon,Real Barber home screen,Brzy začíná rezervace,Upcoming booking,,,,
homeSpotlightToday,Real Barber home screen,Dnes máte rezervaci,You have a booking today,,,,
homeSpotlightUpcoming,Real Barber home screen,Nadcházející rezervace,Upcoming booking,,,,
homeTodayTeamEmpty,Real Barber home screen,Dnes nemá nikdo směnu.,No barbers on shift today.,,,,
homeTodayTeamLoadError,Real Barber home screen,Nepodařilo se načíst dostupnost.,Could not load availability.,,,,
homeTodayTeamLoading,Real Barber home screen,Načítám…,Loading…,,,,
homeTodayTeamMoreSlots,Real Barber home screen,Další,More,,,,
homeTodayTeamNearestSlotsOnDate,Real Barber home screen,Nejbližší termíny {when},Nearest slots {when},,,,
homeTodayTeamNotAvailableToday,Real Barber home screen,Dnes už není dostupný,Not available today,,,,
homeTodayTeamOpenFullTeam,Real Barber home screen,Otevřít celý tým,Open full team,,,,
homeTodayTeamShiftEnded,Real Barber home screen,Dnes už jsem skončil/a,Finished for today,,,,
homeTodayTeamShiftEndingSoon,Real Barber home screen,Brzy končí - {branch},Ending soon - {branch},,,,
homeTodayTeamShiftEndsAt,Real Barber home screen,Končí v {time} - {branch},Ends at {time} - {branch},,,,
homeTodayTeamShiftInterval,Real Barber home screen,{start} - {end} - {branch},{start} - {end} - {branch},,,,
homeTodayTeamShiftStartsAt,Real Barber home screen,Začíná ve {time} - {branch},Starts at {time} - {branch},,,,
homeTodayTeamShiftStartsSoon,Real Barber home screen,Začíná za chvíli - {branch},Starting soon - {branch},,,,
homeTodayTeamShiftWorking,Real Barber home screen,Právě pracuje - {branch},Working now - {branch},,,,
homeTodayTeamTitle,Real Barber home screen,Dnes k dispozici,Available today,,,,
homeTodayTeamWaitlistAlternateContactRequired,Real Barber home screen,Vyplňte telefon nebo e-mail.,Enter a phone number or email.,,,,
homeTodayTeamWaitlistAlternateEmailLabel,Real Barber home screen,E-mail,Email,,,,
homeTodayTeamWaitlistAlternatePhoneLabel,Real Barber home screen,Telefon,Phone,,,,
homeTodayTeamWaitlistClose,Real Barber home screen,Zavřít,Close,,,,
homeTodayTeamWaitlistError,Real Barber home screen,Nepodařilo se zapsat na čekací listinu. Zkuste to znovu.,Could not join the waitlist. Please try again.,,,,
homeTodayTeamWaitlistHint,Real Barber home screen,"""Pokud se něco uvolní, ozveme se.""","""If a spot opens, we'll reach out.""",,,,
homeTodayTeamWaitlistInvalidPayload,Real Barber home screen,Zkontrolujte e-mail a zkuste to znovu.,Check your email and try again.,,,,
homeTodayTeamWaitlistJoin,Real Barber home screen,Zapsat se,Sign up,,,,
homeTodayTeamWaitlistJoined,Real Barber home screen,Jste na čekací listině,You're on the waitlist,,,,
homeTodayTeamWaitlistNeedLogin,Real Barber home screen,Pro zápis se přihlaste.,Sign in to join the waitlist.,,,,
homeTodayTeamWaitlistPreferredEmail,Real Barber home screen,E-mail,Email,,,,
homeTodayTeamWaitlistPreferredEmailPlaceholder,Real Barber home screen,vas@email.cz,you@email.com,,,,
homeTodayTeamWaitlistPreferredPhone,Real Barber home screen,Telefon,Phone,,,,
homeTodayTeamWaitlistPreferredPickerTitle,Real Barber home screen,Jak vás máme kontaktovat?,How should we contact you?,,,,
homeTodayTeamWaitlistPreferredSection,Real Barber home screen,Jak vás máme kontaktovat?,How should we contact you?,,,,
homeTodayTeamWaitlistPreferredSms,Real Barber home screen,SMS,SMS,,,,
homeTodayTeamWaitlistPreferredTelegram,Real Barber home screen,Telegram,Telegram,,,,
homeTodayTeamWaitlistPreferredWhatsapp,Real Barber home screen,WhatsApp,WhatsApp,,,,
homeTodayTeamWaitlistRateLimited,Real Barber home screen,Příliš mnoho pokusů. Zkuste to za chvíli.,Too many attempts. Please try again in a moment.,,,,
homeTodayTeamWaitlistSheetTitle,Real Barber home screen,Čekací listina,Waitlist,,,,
homeTodayTeamWaitlistSubmit,Real Barber home screen,Zapsat se,Sign up,,,,
homeTodayTeamWaitlistSubmitting,Real Barber home screen,Odesílám…,Sending…,,,,
homeTodayTeamWaitlistSuccessTitle,Real Barber home screen,Jste na čekací listině,You're on the waitlist,,,,
homeTodayTeamWaitlistUseOtherContact,Real Barber home screen,Jiný telefon/email,Other phone/email,,,,
howToGetToUs,Common,Kudy k nám?,How to get to us?,,,,
inspiraceDetailAbout,Services,O účesu,About the haircut,,,,
inspiraceDetailAvailabilityMessage,Services,"""Dobrý den, chtěl/a bych si rezervovat tento účes""","""Hello, I would like to book this haircut""",,,,
inspiraceDetailBackToInspirace,Services,Zpět na inspiraci,Back to inspiration,,,,
inspiraceDetailDifficulty,Services,Obtížnost stylingů,Styling difficulty,,,,
inspiraceDetailFaceShapes,Services,Tvar obličeje,Face shape,,,,
inspiraceDetailForWho,Services,Pro koho,For whom,,,,
inspiraceDetailGallery,Services,Galerie,Gallery,,,,
inspiraceDetailHairLengths,Services,Délka vlasů,Hair length,,,,
inspiraceDetailHairProperties,Services,Vlastnosti vlasů,Hair properties,,,,
inspiraceDetailHairTypes,Services,Typ vlasů,Hair type,,,,
inspiraceDetailMenuOpen,Services,Možnosti účesu,Hairstyle options,,,,
inspiraceDetailNotFound,Services,Účes nebyl nalezen.,Hairstyle not found.,,,,
inspiraceDetailPopularityIndex,Services,Index popularity,Popularity index,,,,
inspiraceDetailPreferredBarbers,Services,Kdo rád stříhá tento účes?,Who enjoys cutting this hairstyle?,,,,
inspiraceDetailSimilar,Services,Podobné účesy,Similar hairstyles,,,,
inspiraceExpandMore,Services,Zobrazit více,Show more,,,,
inspiraceLoadError,Services,Inspirace se nepodařilo načíst.,Failed to load inspiration.,,,,
inspiraceNoItems,Services,Žádné účesy k zobrazení.,No hairstyles to show.,,,,
inspiracePageIntroStylistLink,Services,stylistou,stylist,,,,
inspiracePageTitle,Services,Inspirace pro výběr pánského účesu,Inspiration for choosing a men’s haircut,,,,
isNewBadge,Home tabs (horizontal scroll under home),Nový,New,,,,
kudyBranchNotFound,Kudy,Pobočka nenalezena.,Branch not found.,,,,
kudyHowToGetToUs,Kudy,Kudy k nám,How to get to us,,,,
kudyOpenGoogleMaps,Kudy,Otevřít v Google Maps,Open in Google Maps,,,,
kudyOpenWaze,Kudy,Otevřít ve Waze,Open in Waze,,,,
kudyRideUber,Kudy,Jízda s Uberem,Ride with Uber,,,,
kudyShowVideo,Kudy,Přehrát video,Show video,,,,
kudyTransportParking,Kudy k nám,Doprava a parkování,Transport and parking,,,,
listingsExperiences,Listings (business),Zážítky,Experiences,,,,
listingsHomes,Listings (business),Domovy,Homes,,,,
listingsYourListings,Listings (business),Vaše inzeráty,Your listings,,,,
localeSelectTitle,Profile,Výběr jazyka,Choose language,,,,
localeSwitch,Profile,Přepnout jazyk,Change language,,,,
loginContinue,Auth,Pokračovat,Continue,,,,
loginForgotPassword,Auth,Zapomenuté heslo?,Forgot Password?,,,,
loginNoAccount,Auth,Nemáte účet? ,Don't have an account? ,,,,
loginOtpChallengeNotSent,Auth,SMS se nepodařilo odeslat. Zkuste to později.,We could not send an SMS. Try again later.,,,,
loginOtpChangePhone,Auth,Změnit telefon,Change phone number,,,,
loginOtpCodeLabel,Auth,Kód z SMS,SMS code,,,,
loginOtpFailed,Auth,Ověření se nezdařilo. Zkuste to znovu.,Verification failed. Try again.,,,,
loginOtpGreetingNoName,Auth,Vítáme tě v aplikaci.,Welcome to the app.,,,,
loginOtpGreetingWithName,Auth,"""Vítáme tě v aplikaci, {name}.""","""Welcome to the app, {name}.""",,,,
loginOtpInvalid,Auth,Zadejte 6místný kód.,Enter the 6-digit code.,,,,
loginOtpRequestFailed,Auth,Kód se nepodařilo odeslat. Zkuste to znovu.,Could not send the code. Please try again.,,,,
loginOtpResend,Auth,Poslat kód znovu,Resend code,,,,
loginOtpSubtitle,Auth,Zadejte kód z SMS. Platnost kódu je {minutes} minut.,Enter the code we sent by SMS. The code expires in {minutes} minutes.,,,,
loginOtpVerify,Auth,Ověřit a přihlásit se,Verify and sign in,,,,
loginPassword,Auth,Heslo,Password,,,,
loginPasswordBackToOtp,Auth,Přihlásit se přes SMS kód,Sign in with SMS code,,,,
loginPhoneStepSubtitle,Auth,Zadejte telefon — pošleme vám SMS kód pro přihlášení.,Enter your phone number — we will send you an SMS code to sign in.,,,,
loginSignUp,Auth,Registrovat se,Sign up,,,,
loginSubtitle,Auth,Přihlaste se ke svému účtu,Sign in to your account,,,,
loginTitle,Auth,Přihlásit se,Login,,,,
loginWelcomeBack,Auth,Vítejte v aplikaci Real Barber,Welcome to Real Barber,,,,
mapCentralWarehousePhoneA11y,Map,Zavolat pro domluvu nákupu nebo vyzvednutí na centrálním skladě,Call to arrange purchase or pickup at the central warehouse,,,,
mapCentralWarehousePhoneDisplay,Map,+420 774 522 114,+420 774 522 114,,,,
mapLoadingBranches,Map,Načítání poboček…,Loading branches…,,,,
multiStepComplete,Add property steps & texts,Dokončit,Complete,,,,
multiStepNext,Add property steps & texts,Další,Next,,,,
multiStepSkip,Add property steps & texts,Přeskočit,Skip,,,,
myHaircutsAddNewA11y,My haircuts,Přidat nový styl,Add new style,,,,
myHaircutsBadgeFirst,My haircuts,Můj první účes,My first haircut,,,,
myHaircutsBadgeNewest,My haircuts,Můj nový účes,My newest haircut,,,,
myHaircutsCreate,My haircuts,Vytvořte si vlastní styl,Create your own style,,,,
myHaircutsEmpty,My haircuts,Zatím nemáte uložený styl. Vytvořte si ho níže.,No saved styles yet. Create one below.,,,,
myHaircutsLoadError,My haircuts,Střihy se nepodařilo načíst.,Could not load haircuts.,,,,
myHaircutsLoginToSee,My haircuts,Pro zobrazení uložených stylů se přihlaste.,Log in to see your saved styles.,,,,
myHaircutsWhatsFor,My haircuts,K čemu to je?,What's it for?,,,,
myHaircutsYours,My haircuts,Vaše styly,Your styles,,,,
navBookings,Bottom navigation (tab bar),Rezervace,Bookings,,,,
navCalendar,Bottom navigation (tab bar),Kalendář,Calendar,,,,
navFavorites,Bottom navigation (tab bar),Oblíbené,Favorites,,,,
navHome,Bottom navigation (tab bar),Domů,Home,,,,
navListings,Bottom navigation (tab bar),Inzeráty,Listings,,,,
navMessages,Bottom navigation (tab bar),Zprávy,Messages,,,,
navProfile,Bottom navigation (tab bar),Profil,Profile,,,,
nearestBranchCta,Real Barber home screen,Blízko mě,Near me,,,,
nearestBranchFailed,Real Barber home screen,Nejbližší pobočku se teď nepodařilo určit.,We could not determine the nearest branch right now.,,,,
nearestBranchFindCta,Real Barber home screen,Blízko mě,Near me,,,,
nearestBranchHomeNearestLine,Real Barber home screen,Nejbližší: {details},Nearest: {details},,,,
nearestBranchHomeYou,Real Barber home screen,Vy / {location},You / {location},,,,
nearestBranchHomeYouFallback,Real Barber home screen,Vy,You,,,,
nearestBranchHoursHint,Real Barber home screen,Zobrazit otevírací dobu,Show opening hours,,,,
nearestBranchHoursTooltipTitle,Real Barber home screen,Otevírací doba:,Opening hours:,,,,
nearestBranchHoursWeekdays,Real Barber home screen,Po–Pá: 09:00–21:00,Mon–Fri: 09:00–21:00,,,,
nearestBranchHoursWeekend,Real Barber home screen,So–Ne: 10:00–18:00,Sat–Sun: 10:00–18:00,,,,
nearestBranchLoading,Real Barber home screen,Hledám nejbližší pobočku…,Finding nearest branch…,,,,
nearestBranchOpen,Real Barber home screen,Otevřít,Open,,,,
nearestBranchSlotsEmpty,Real Barber home screen,Momentálně nemáme volné termíny na této pobočce.,No available slots at this branch right now.,,,,
nearestBranchSlotsTitle,Real Barber home screen,Nejbližší volné termíny,Nearest available slots,,,,
nearestBranchStatusClosed,Real Barber home screen,Zavřeno,Closed,,,,
nearestBranchStatusClosingSoon,Real Barber home screen,Za chvíli zavírá,Closing soon,,,,
nearestBranchStatusOpen,Real Barber home screen,Otevřeno,Open,,,,
nearestBranchStatusOpeningSoon,Real Barber home screen,Za chvíli otevírá,Opening soon,,,,
nearestBranchTravelBicycle,Real Barber home screen,{minutes} min na kole,{minutes} min by bike,,,,
nearestBranchTravelDrive,Real Barber home screen,{minutes} min autem,{minutes} min by car,,,,
nearestBranchTravelFromYou,Real Barber home screen,Od vás {distance},{distance} from you,,,,
nearestBranchTravelTrafficSuffix,Real Barber home screen, · dle aktuálního provozu, · based on current traffic,,,,
nearestBranchTravelWalk,Real Barber home screen,{minutes} min pěšky,{minutes} min on foot,,,,
nearestBranchUnavailable,Real Barber home screen,Polohu se nepodařilo získat. Zkuste to znovu později.,Could not get your location. Please try again later.,,,,
notFoundBackToHome,404,Zpět na úvod,Back to Home,,,,
notifSettingsBookingTravel,Profile notifications settings,Rezervace a cesty,Booking & Travel,,,,
notifSettingsBookingUpdates,Profile notifications settings,Aktualizace rezervací,Booking Updates,,,,
notifSettingsCheckinReminders,Profile notifications settings,Připomínky check-inu,Check-in Reminders,,,,
notifSettingsHostMessages,Profile notifications settings,Zprávy od hostitele,Host Messages,,,,
notifSettingsHostPromotions,Profile notifications settings,Akce hostitele,Host Promotions,,,,
notifSettingsMarketingEmails,Profile notifications settings,Marketingové e-maily,Marketing Emails,,,,
notifSettingsPaymentConfirmations,Profile notifications settings,Potvrzení platby,Payment Confirmations,,,,
notifSettingsPromotionsMarketing,Profile notifications settings,Akce a marketing,Promotions & Marketing,,,,
notifSettingsReviewRequests,Profile notifications settings,Žádosti o recenzi,Review Requests,,,,
notifSettingsSpecialOffers,Profile notifications settings,Speciální nabídky,Special Offers,,,,
notifSettingsTravelTips,Profile notifications settings,Cestovní tipy,Travel Tips,,,,
notifTestLocalButton,Profile notifications settings,Test notifikace,Test notification,,,,
notifTestLocalNotifBody,Profile notifications settings,Test lokální notifikace — OK,Local test notification — OK,,,,
notifTestLocalNotifTitle,Profile notifications settings,Real Barber,Real Barber,,,,
notifTestLocalPermissionMessage,Profile notifications settings,Povolte oznámení v nastavení systému.,Allow notifications in system settings.,,,,
notifTestLocalPermissionTitle,Profile notifications settings,Oznámení,Notifications,,,,
notifTestLocalSectionTitle,Profile notifications settings,Test notifikace,Test notification,,,,
notifTestLocalUnsupported,Profile notifications settings,Na této platformě není k dispozici.,Not available on this platform.,,,,
notificationsAll,Notifications,Vše,All,,,,
notificationsBookings,Notifications,Rezervace,Bookings,,,,
notificationsCancellations,Notifications,Zrušení,Cancellations,,,,
notificationsDetailEmptyBody,Notifications,Bez dalšího textu.,No additional text.,,,,
notificationsHistoryTitle,Notifications,Historie notifikací,Notification history,,,,
notificationsInquiries,Notifications,Dotazy,Inquiries,,,,
notificationsLeaveReview,Notifications,Napsat recenzi,Leave a review,,,,
notificationsLoadMore,Notifications,Načíst další,Load more,,,,
notificationsMarketing,Notifications,Marketing,Marketing,,,,
notificationsMessages,Notifications,Zprávy,Messages,,,,
notificationsNoFound,Notifications,Žádná oznámení,No notifications found,,,,
notificationsPayments,Notifications,Platby,Payments,,,,
notificationsReviews,Notifications,Recenze,Reviews,,,,
notificationsSubtitle,Notifications,Mějte přehled o rezervacích a cestách,Stay updated on your bookings and travel plans,,,,
notificationsTitle,Notifications,Oznámení,Notifications,,,,
notificationsUnreadSubtitle,Notifications,{{count}} nezobrazených,{{count}} unread,,,,
notificationsViewTransaction,Notifications,Zobrazit transakci,View transaction,,,,
operatorCallUsTitle,Help,Zavolejte nám,Call us,,,,
operatorContactPhone,Help,Telefon,Phone,,,,
operatorContactTelegram,Help,Telegram,Telegram,,,,
operatorContactWhatsApp,Help,WhatsApp,WhatsApp,,,,
operatorFabAccessibility,Help,Kontaktovat podporu,Contact support,,,,
operatorSheetDisableBefore,Help,"""Pokud vás ruším, ""","""If I'm in your way, """,,,,
operatorSheetDisableLink,Help,vypněte si mě v Nastavení funkcí,turn me off in Feature settings,,,,
operatorSheetTitle,Help,Kontaktovat podporu,Contact support,,,,
orderCancellationPolicy,Order detail,Storno podmínky,Cancellation policy,,,,
orderChange,Order detail,Změnit,Change,,,,
orderChooseHowToPay,Order detail,Vyberte způsob platby,Choose how to pay,,,,
orderConfirmAndPay,Order detail,Potvrdit a zaplatit,Confirm and pay,,,,
orderPriceDetails,Order detail,Cenové detaily,Price details,,,,
orderYourTrip,Order detail,Vaše cesta,Your trip,,,,
paymentMethodCard,Trip detail / Booking detail,Kartou,Card,,,,
paymentMethodCash,Trip detail / Booking detail,Hotovost,Cash,,,,
paymentMethodRbc,Trip detail / Booking detail,RB coiny,RB coins,,,,
paymentsAddCard,Payments,Přidat novou kartu,Add New Card,,,,
paymentsApplePay,Payments (extra),Apple Pay,Apple Pay,,,,
paymentsApplePaySetup,Payments (extra),Nastavte Apple Pay pro rychlejší platby,Set up Apple Pay for faster checkout,,,,
paymentsCancel,Payments (extra),Zrušit,Cancel,,,,
paymentsCardNumber,Payments,Číslo karty,Card Number,,,,
paymentsCardholder,Payments,Jméno držitele,Cardholder Name,,,,
paymentsCvv,Payments (extra),CVC,CVV,,,,
paymentsDigitalWallets,Payments,Digitální peněženky,Digital Wallets,,,,
paymentsExpiry,Payments,Datum expirace,Expiry Date,,,,
paymentsGooglePay,Payments (extra),Google Pay,Google Pay,,,,
paymentsGooglePaySetup,Payments (extra),Nastavte Google Pay pro rychlejší platby,Set up Google Pay for faster checkout,,,,
paymentsSaveCard,Payments (extra),Uložit kartu,Save Card,,,,
paymentsSetAsDefault,Payments (extra),Nastavit jako výchozí platební metodu,Set as default payment method,,,,
paymentsSetDefault,Payments,Nastavit jako výchozí platební metodu,Set as default payment method,,,,
paymentsTitle,Payments,Platební metody,Payment Methods,,,,
paymentsYourCards,Payments,Vaše karty,Your cards,,,,
permissionAllowLocation,Permissions,Povolit přístup k poloze,Allow Location Access,,,,
permissionAllowNotifications,Permissions,Povolit upozornění,Allow Notifications,,,,
permissionSkipForNow,Permissions,Teď ne,Skip for Now,,,,
phoneCallFeedbackReason_callRejected,Help,Hovor mi byl odmítnut,Call was rejected,,,,
phoneCallFeedbackReason_inflexible,Help,Nechtěl mi vyhovět,Would not accommodate me,,,,
phoneCallFeedbackReason_language,Help,Jazyková bariéra,Language barrier,,,,
phoneCallFeedbackReason_lineBusy,Help,Linka byla obsazena,Line was busy,,,,
phoneCallFeedbackReason_longWait,Help,Dlouhé čekání,Long wait,,,,
phoneCallFeedbackReason_noBookingHelp,Help,Neuměl poradit s rezervací,Could not help with booking,,,,
phoneCallFeedbackReason_other,Help,Jiné,Other,,,,
phoneCallFeedbackReason_rushed,Help,Spěchal / odbyl mě,Rushed / brushed me off,,,,
phoneCallFeedbackReason_unpleasant,Help,Nepříjemný,Unpleasant,,,,
phoneCallFeedbackReason_unreachable,Help,Nedovolal jsem se,Could not get through,,,,
phoneCallFeedbackReason_wrongInfo,Help,Špatné informace,Wrong information,,,,
phoneCallFeedbackReasonsSubtitle,Help,Co bylo špatně?,What went wrong?,,,,
phoneCallFeedbackSubmit,Help,Odeslat,Submit,,,,
phoneCallFeedbackTitle,Help,Jak hodnotíte hovor s operátorem?,How would you rate your call with our operator?,,,,
phoneCountrySearchEmpty,Auth,Nic nenalezeno.,Nothing found.,,,,
phoneCountrySearchPlaceholder,Auth,Zadejte zemi nebo předvolbu,Enter country or dial code,,,,
phoneCountrySheetTitle,Auth,Vyberte předvolbu,Select dial code,,,,
popularBarbershops,Common,Oblíbené holičství v Praze,Popular barbershops in Prague,,,,
productAvailability,Product detail,Dostupnost,Availability,,,,
productBuy,Product detail,Koupit,Buy,,,,
productBuyerReviews,Product detail,Recenze kupujících,Buyer reviews,,,,
productCatalogFlags,Product detail,Štítky,Labels,,,,
productDetails,Product detail,Detaily produktu,Product details,,,,
productEdit,Product detail,Upravit,Edit,,,,
productNapsatRecenzi,Product detail,Napsat recenzi,Napsat recenzi,,,,
productPiecesAbbr,Product detail,ks,pcs,,,,
productPricePerProduct,Product detail,za produkt,per product,,,,
productPurchaseCashback,Product detail,Cashback,Cashback,,,,
productPurchaseCashbackPaid,Product detail,Vyplaceno,Paid out,,,,
productPurchaseCashbackPending,Product detail,Zatím nevyplaceno,Not paid out yet,,,,
productPurchaseCashbackStatus,Product detail,Výplata cashbacku,Cashback payout,,,,
productPurchaseDate,Product detail,Datum nákupu,Purchase date,,,,
productPurchaseInfoP1,Product detail,Na přímém online prodeji produktů právě pracujeme.,We’re working on direct online sales of products.,,,,
productPurchaseInfoThanks,Product detail,"""Děkujeme, že jste s námi.""",Thank you for being with us.,,,,
productPurchaseInfoTitle,Product detail,Online nákup produktů,Buying products online,,,,
productPurchaseNotes,Product detail,Poznámka,Notes,,,,
productPurchaseQuantity,Product detail,Počet kusů,Quantity,,,,
productPurchaseTotal,Product detail,Celkem zaplaceno,Total paid,,,,
productPurchaseUnitPrice,Product detail,Cena za kus,Unit price,,,,
productRecenzovat,Product detail,Recenzovat,Recenzovat,,,,
productReviewAuthorAnonymous,Product detail,Anonymní,Anonymous,,,,
productReviewsCount,Product detail,recenzí,reviews,,,,
productSeller,Product detail,Prodejce,Seller,,,,
productShareDialogTitle,Product detail,Real Barber,Real Barber,,,,
productShareIntroRealBarber,Product detail,"""Podívej se, co mají v Real Barberu:""",See what they have at Real Barber:,,,,
productSharePickupWarehouse,Product detail,Sklad / vyzvednutí,Pickup warehouse,,,,
productSharePrice,Product detail,Cena,Price,,,,
productSharePrimaryImage,Product detail,Zde máš obrázek jak to vypadá,Here's what it looks like,,,,
productSharePurchaseQuantity,Product detail,Množství,Quantity,,,,
productSku,Product detail,SKU,SKU,,,,
productStock,Product detail,Počet na skladě,Stock quantity,,,,
productStockByWarehouse,Product detail,Stav na skladech,Stock by warehouse,,,,
productWarehouseMapHint,Product detail,Zobrazit na mapě,Show on map,,,,
productWarehouseOpenMap,Product detail,Otevřít adresu skladu na mapě,Open warehouse address on map,,,,
productsCatalogEmpty,Products (home),Žádné produkty v katalogu.,No products in the catalog.,,,,
productsCatalogInStock,Products (home),Skladem,In stock,,,,
productsCatalogOutOfStock,Products (home),Není skladem,Out of stock,,,,
productsCatalogOutOfStockBadge,Products (home),NENÍ SKLADEM,OUT OF STOCK,,,,
productsGiftsEmpty,Products (home),V katalogu dárků zatím nic není.,No gift items in the catalog.,,,,
productsGiftsTitle,Products (home),Dárky,Gifts,,,,
productsMyPurchased,Products (home),Moje zakoupené produkty,My purchased products,,,,
productsNoPurchased,Products (home),Žádné zakoupené produkty.,No purchased products.,,,,
productsPromoSubtitle,Products (home),Vybrané přípravky a styling pro váš účes.,Selected styling and care products for your look.,,,,
productsPromoSubtitle2,Products (home),Nejnovější přípravky a limited edice.,Latest products and limited editions.,,,,
productsPromoSubtitle3,Products (home),Aktuální slevy na vybrané produkty.,Current discounts on selected products.,,,,
productsPromoSubtitle4,Products (home),Kombinované sady produktů s výhodnou cenou.,Product bundles at a better price.,,,,
productsPromoSubtitle5,Products (home),Produkty doporučené pro vás na základě nákupů.,Products recommended for you based on your purchases.,,,,
productsPromoTitle,Products (home),Doporučené produkty,Recommended products,,,,
productsPromoTitle2,Products (home),Novinky,New arrivals,,,,
productsPromoTitle3,Products (home),Slevy,Deals,,,,
productsPromoTitle4,Products (home),Dárkové sady,Gift sets,,,,
productsPromoTitle5,Products (home),Doporučené,Recommended,,,,
productsTitle,Products (home),Produkty,Products,,,,
profileAccountSettings,Profile,Nastavení účtu,Account settings,,,,
profileAppLanguage,Profile,Jazyk aplikace,App language,,,,
profileAppVersionLabel,Profile,Verze aplikace,App version,,,,
profileAppearanceDarkMode,Profile,Tmavý režim,Dark mode,,,,
profileAppearanceLightMode,Profile,Světlý režim,Light mode,,,,
profileCompletionAddressTitle,Profile,Adresa,Address,,,,
profileCompletionAvatarTitle,Profile,Profilová fotka,Profile photo,,,,
profileCompletionBirthdayTitle,Profile,Datum narození,Date of birth,,,,
profileCompletionCta,Profile,Doplnit,Complete,,,,
profileCompletionDismiss,Profile,Teď ne,Not now,,,,
profileCompletionEmailTitle,Profile,E-mail,Email,,,,
profileContactFormEmail,Profile,E-mail,Email,,,,
profileContactFormHint,Profile,Formulář brzy spustíme — zatím bez odeslání.,We will launch the form soon — sending is not available yet.,,,,
profileContactFormMessage,Profile,Zpráva,Message,,,,
profileContactFormName,Profile,Jméno,Name,,,,
profileContactFormSubmit,Profile,Odeslat,Send,,,,
profileContactFormTitle,Profile,Kontaktní formulář,Contact form,,,,
profileContactsForm,Profile,Kontaktní formulář,Contact form,,,,
profileContactsLocations,Profile,Provozovny,Locations,,,,
profileContactsPhone,Profile,Telefonický kontakt,Phone contact,,,,
profileContactsPrivacy,Profile,Ochrana údajů a podmínky,Privacy policy and terms,,,,
profileContactsSectionTitle,Profile,Kontakty,Contacts,,,,
profileContactsShare,Profile,Sdílet realbarber.cz,Share realbarber.cz,,,,
profileCreateListing,Profile,Vytvořit nový inzerát,Create new listing,,,,
profileCustomerStatus,Profile,Status zákazníka,Customer status,,,,
profileEarnings,Profile,Výdělky,Earnings,,,,
profileEditProfile,Profile,Upravit profil,Edit profile,,,,
profileFeatureHaptics,Profile,Haptická odezva,Haptic feedback,,,,
profileFeatureHapticsDesc,Profile,Vibrace při klepnutí na tlačítka a přepínání,Vibration when tapping buttons and toggles,,,,
profileFeatureOperator,Profile,Operátor podpory,Support operator,,,,
profileFeatureOperatorDesc,Profile,Zobrazit plovoucí tlačítko pro rychlý kontakt s podporou,Show the floating button for quick contact with support,,,,
profileFeatureSettings,Profile,Nastavení funkcí,Feature settings,,,,
profileFeatureSettingsDesc,Profile,Operátor podpory a další volitelné funkce,Support operator and other optional features,,,,
profileFeatureSettingsSubtitle,Profile,Volitelné funkce aplikace,Optional app features,,,,
profileGetHelp,Profile,Nápověda,Get help,,,,
profileGetStarted,Profile,Začít,Get started,,,,
profileGuest,Profile,Host,Guest,,,,
profileInsights,Profile,Přehledy,Insights,,,,
profileLogout,Profile,Odhlásit se,Logout,,,,
profileMemberDays,Profile,Členem (dní),Member for (days),,,,
profileMemberDaysFirstDay,Profile,První den,First day,,,,
profileMenuAria,Service / Barber detail,Další akce,More actions,,,,
profileMyReservations,Profile,Moje rezervace,My reservations,,,,
profileNewToHosting,Profile,Nový v hostování?,New to hosting?,,,,
profileNewToHostingDesc,Profile,"""Zjistěte, jak začít hostit a vydělat si navíc""",Discover how to start hosting and earn extra income,,,,
profileNotificationHistory,Profile,Historie notifikací,Notification history,,,,
profileReferrals,Profile,Doporučení,Referrals,,,,
profileReservations,Profile,Rezervace,Reservations,,,,
profileReviews,Profile,Recenze,Reviews,,,,
rbcBack,RBC,Zpět,Back,,,,
rbcCardDesign,RBC,Design karty,Card design,,,,
rbcCardDesigns,RBC,Designy karet,Card designs,,,,
rbcCardTitle,RBC,RBC karta,RBC Card,,,,
rbcCashback,RBC,Cashback,Cashback,,,,
rbcDayBeforeYesterday,RBC,Předevčírem,Day before yesterday,,,,
rbcDesign,RBC,Design,Design,,,,
rbcGiftCardCreated,RBC,Dárková karta vytvořena,Gift card created,,,,
rbcHideDetails,RBC,Skrýt údaje,Hide details,,,,
rbcHistory,RBC,Historie,History,,,,
rbcNoTransactions,RBC,Žádné transakce,No transactions,,,,
rbcSend,RBC,Odeslat,Send,,,,
rbcShowDetails,RBC,Zobrazit údaje,Show details,,,,
rbcToday,RBC,Dnes,Today,,,,
rbcTransactionHistory,RBC,Historie transakcí,Transaction history,,,,
rbcUseThisDesign,RBC,Použít tento design,Use this design,,,,
rbcYesterday,RBC,Včera,Yesterday,,,,
rbcYourBalance,RBC,Váš zůstatek,Your balance,,,,
referralAttributionLead,Referral program detail,Lead,Lead,,,,
referralAttributionNotFound,Referral program detail,Pozvánku se nepodařilo najít.,Invite not found.,,,,
referralAttributionPhone,Referral program detail,Telefon,Phone,,,,
referralAttributionStatus,Referral program detail,Stav,Status,,,,
referralAttributionTimeline,Referral program detail,Průběh,Timeline,,,,
referralAttributionTitle,Referral program detail,Pozvánka,Invite,,,,
referralChecklistAccepted,Referral program detail,Přijal pozvání,Accepted invite,,,,
referralChecklistPaid,Referral program detail,Zaplatil za služby,Paid for services,,,,
referralChecklistPaired,Referral program detail,Stáhl aplikaci,Installed the app,,,,
referralInviteDetailTitle,Referral program detail,Detail pozvání,Invite detail,,,,
referralInviteHeadlineLimitReached,Referral program detail,"""Splněno, ale limit programu je vyčerpaný""","""Completed, but program limit reached""",,,,
referralInviteHeadlinePending,Referral program detail,Pozvánka je v procesu,Invite is in progress,,,,
referralInviteHeadlineQualified,Referral program detail,"""Splněno, čeká se na odměnu""","""Qualified, waiting for reward""",,,,
referralInviteHeadlineRewarded,Referral program detail,"""Hotovo, odměna připsána""","""Completed, reward credited""",,,,
referralInviteInvitedOn,Referral program detail,Pozváno:,Invited:,,,,
referralInviteLeadPhoneEntered,Referral program detail,Zadal telefon na odkazu,Phone entered on the link,,,,
referralInviteName,Referral program detail,Jméno,Name,,,,
referralInviteNextStep,Referral program detail,Další krok,Next step,,,,
referralInviteNotFound,Referral program detail,Pozvání se nepodařilo najít.,Invite not found.,,,,
referralInvitePercentage,Referral program detail,Hotovo,Done,,,,
referralInvitePerson,Referral program detail,Pozvaný,Invitee,,,,
referralInviteProgress,Referral program detail,Průběh,Progress,,,,
referralInviteStatus,Referral program detail,Stav,Status,,,,
referralInviteStatusInProgress,Referral program detail,V procesu,In progress,,,,
referralInviteStatusPending,Referral program detail,V procesu,In progress,,,,
referralInviteStatusQualified,Referral program detail,Splněno,Qualified,,,,
referralInviteStatusRewarded,Referral program detail,Odměna připsána,Rewarded,,,,
referralInviteSteps,Referral program detail,Kroky,Steps,,,,
referralInviteTimeline,Referral program detail,Průběh pozvání,Invite timeline,,,,
referralInvitesEmpty,Referral program detail,Zatím nemáte žádné pozvánky v tomto programu.,You have no invites in this program yet.,,,,
referralInvitesSection,Referral program detail,Pozvaní,Invited,,,,
referralInvitesTitle,Referral program detail,Průběh pozvání,Invite progress,,,,
referralProgramDetails,Referral program detail,Detail programu,Program details,,,,
referralProgramJoin,Referral program detail,Zapojit do programu,Join program,,,,
referralProgramMinPurchase,Referral program detail,Minimální nákup,Minimum purchase,,,,
referralProgramNotFound,Referral program detail,Program se nepodařilo najít.,Program not found.,,,,
referralProgramRefereeReward,Referral program detail,Odměna pro doporučeného,Reward for referred friend,,,,
referralProgramReferrerReward,Referral program detail,Odměna za doporučení,Reward for referring,,,,
referralProgramRegenerate,Referral program detail,Vygenerovat nový kód,Generate a new code,,,,
referralProgramTitle,Referral program detail,Doporučovací program,Referral program,,,,
referralProgramTrackInvites,Referral program detail,Průběh pozvání,Invite progress,,,,
referralProgramValidUntil,Referral program detail,Platné do,Valid until,,,,
referralProgramYourCode,Referral program detail,Váš referral kód,Your referral code,,,,
referralRewardAmount,Referral program detail,Odměna,Reward,,,,
referralRewardStatusLine,Referral program detail,Stav: {status},Status: {status},,,,
referralRewardedAt,Referral program detail,Připsáno,Credited at,,,,
referralSpendLine,Referral program detail,Aktuálně utraceno {spent} z {required} (zbývá {remaining}),Spent {spent} of {required} (remaining {remaining}),,,,
referralSpendSince,Referral program detail,Počítá se od,Counting since,,,,
referralStepPairedInApp,Referral program detail,Spárováno v aplikaci (přihlášení/registrace),Paired in the app (login/registration),,,,
referralStepPhoneEntered,Referral program detail,Zadal telefon na odkazu,Phone entered on the link,,,,
referralStepReward,Referral program detail,Odměna,Reward,,,,
referralStepSpendProgress,Referral program detail,Plnění podmínky nákupu,Purchase progress,,,,
referralsFriends,Referrals,přátel,friends,,,,
referralsInviteFriends,Referrals,Pozvat přátele,Invite friends,,,,
referralsInvited,Referrals,Pozvali jste,You've invited,,,,
referralsInvitedList,Referrals,Pozvaní,Invited,,,,
referralsShareLink,Referrals,Sdílet odkaz na pozvánku,Share invite link,,,,
rescheduleConfirm,Trip detail,Potvrdit přesunutí okamžitě,Confirm reschedule now,,,,
rescheduleContinue,Trip detail,Pokračovat na shrnutí,Continue to summary,,,,
rescheduleCurrentTimeHeading,Trip detail,Současný termín,Current time slot,,,,
rescheduleCurrentTitle,Trip detail,Současná rezervace,Current booking,,,,
rescheduleIntro,Trip detail,"""Zvolte nový datum a čas. Pobočka, služba i holič se nemění.""","""Pick a new date and time. The branch, service, and barber stay the same.""",,,,
rescheduleLoadError,Trip detail,Nepodařilo se načíst rezervaci,Could not load booking,,,,
rescheduleNoChange,Trip detail,Nejdřív změňte datum nebo čas.,Change the date or time first.,,,,
rescheduleNoSlot,Trip detail,Vyberte časový slot,Select a time slot,,,,
rescheduleNotFound,Trip detail,Rezervace nenalezena,Booking not found,,,,
reschedulePickTitle,Trip detail,Nový termín,New date & time,,,,
reschedulePlaceholder,Trip detail,Výběr nového termínu bude brzy k dispozici.,Choosing a new date and time will be available soon.,,,,
rescheduleSave,Trip detail,Uložit nový termín,Save new time,,,,
rescheduleSaving,Trip detail,Ukládám…,Saving…,,,,
rescheduleSummarySubtitle,Trip detail,Zkontrolujte nový termín a potvrďte změnu.,Review the new time and confirm the update.,,,,
rescheduleSummaryTitle,Trip detail,Shrnutí přesunutí rezervace,Reschedule summary,,,,
rescheduleTitle,Trip detail,Přesunout rezervaci,Reschedule,,,,
reservationAfternoon,Reservation create flow,Odpoledne,Afternoon,,,,
reservationAnyEmployee,Reservation create flow,Kdokoliv je k dispozici,Anyone available,,,,
reservationAvailableTimes,Reservation create flow,Dostupné časy,Available times,,,,
reservationAvailableTimesSubtitle,Reservation create flow,Vyberte volný čas z dostupných termínů.,Pick a free slot from the available appointments.,,,,
reservationContactEmail,Reservation create flow,E-mail,Email,,,,
reservationContactFirstName,Reservation create flow,Jméno,First name,,,,
reservationContactLastName,Reservation create flow,Příjmení,Last name,,,,
reservationContactMarketing,Reservation create flow,Souhlasím s marketingovou komunikací,I agree to marketing communications,,,,
reservationContactNotes,Reservation create flow,Poznámka,Notes,,,,
reservationContactOtpLabel,Reservation create flow,Kód z SMS,SMS code,,,,
reservationContactPhone,Reservation create flow,Telefon,Phone,,,,
reservationContactSubmit,Reservation create flow,Potvrdit rezervaci,Confirm booking,,,,
reservationCouponDiscount,Reservation create flow,Sleva,Discount,,,,
reservationCouponEmpty,Reservation create flow,Zadejte slevový kód.,Enter a promo code.,,,,
reservationCouponFinalPrice,Reservation create flow,Celkem,You pay,,,,
reservationCouponIncompleteSelection,Reservation create flow,"""Nejdřív vyberte pobočku, službu a mistra.""","""Choose branch, service and barber first.""",,,,
reservationCouponOriginalPrice,Reservation create flow,Základní cena,Original price,,,,
reservationCouponPlaceholder,Reservation create flow,KÓD10,SAVE10,,,,
reservationCouponSectionTitle,Reservation create flow,Slevový kód,Promo code,,,,
reservationCouponVerify,Reservation create flow,Ověřit,Verify,,,,
reservationCouponVerifyFailed,Reservation create flow,Kód se nepodařilo ověřit.,Could not verify the code.,,,,
reservationCreating,Reservation create flow,Vytvářím rezervaci…,Creating booking…,,,,
reservationCurrencySuffix,Reservation create flow,Kč,CZK,,,,
reservationDayAfterTomorrow,Reservation create flow,Pozítří,Day after tomorrow,,,,
reservationEmployeeNearestFreeSlotLabel,Reservation create flow,Nejbližší volný termín,Next free slot,,,,
reservationEmployeeNearestLoading,Reservation create flow,…,…,,,,
reservationEmployeeNoNearestSlot,Reservation create flow,Bez volného termínu,No free slot,,,,
reservationErrorEmail,Reservation create flow,Vyplňte e-mail.,Enter your email.,,,,
reservationErrorEmailInvalid,Reservation create flow,Zadejte platný e-mail.,Enter a valid email.,,,,
reservationErrorFirstName,Reservation create flow,Vyplňte jméno.,Enter your first name.,,,,
reservationErrorGeneric,Reservation create flow,Rezervaci se nepodařilo vytvořit. Zkuste to znovu.,Could not create the booking. Please try again.,,,,
reservationErrorLastName,Reservation create flow,Vyplňte příjmení.,Enter your last name.,,,,
reservationErrorPhone,Reservation create flow,Vyplňte telefon.,Enter your phone number.,,,,
reservationErrorRateLimit,Reservation create flow,Příliš mnoho pokusů. Zkuste to později.,Too many attempts. Please try again later.,,,,
reservationErrorSlotTaken,Reservation create flow,Termín mezitím obsadil někdo jiný. Vyberte jiný čas.,This slot was just taken. Please choose another time.,,,,
reservationEvening,Reservation create flow,Večer,Evening,,,,
reservationMore,Reservation create flow,Více,More,,,,
reservationMorning,Reservation create flow,Ráno,Morning,,,,
reservationNearestSlotAt,Reservation create flow,v,at,,,,
reservationNoBarbers,Reservation create flow,Pro pobočku nejsou dostupní žádní barbeři.,No barbers are available for this branch.,,,,
reservationNoServices,Reservation create flow,Pro vybraného barbera nejsou dostupné žádné služby.,No services are available for this barber.,,,,
reservationNoSlotsMonth,Reservation create flow,V tomto měsíci nejsou žádné volné termíny.,No available slots this month.,,,,
reservationNoSlotsSelection,Reservation create flow,Pro vybrané parametry nejsou dostupné žádné termíny.,No time slots are available for the selected options.,,,,
reservationPriceFromPrefix,Reservation create flow,od,from,,,,
reservationShowMap,Reservation create flow,Zobrazit mapu,View map,,,,
reservationSlotHandoffTitle,Reservation create flow,Vyberte službu,Choose a service,,,,
reservationStartCta,Reservation create flow,Jdeme na to,Let's go,,,,
reservationStartStep1Desc,Reservation create flow,"""Zvolte salon, kam chcete jít.""",Pick the salon you want to visit.,,,,
reservationStartStep1Title,Reservation create flow,Vyberte pobočku,Choose a branch,,,,
reservationStartStep2Desc,Reservation create flow,,Pick the service you want and the specialist who will provide it.,,,,
reservationStartStep2Title,Reservation create flow,Vyberte službu a holiče,Choose a service and barber,,,,
reservationStartStep3Desc,Reservation create flow,Zobrazíme dostupné časy a potvrdíte rezervaci.,We'll show available slots and you'll confirm the booking.,,,,
reservationStartStep3Title,Reservation create flow,Vyberte termín,Choose a time,,,,
reservationStartTitle,Reservation create flow,Jednoduše vytvoříme rezervaci,We'll book you in easily,,,,
reservationStepBranchSubtitle,Reservation create flow,"""Vyberte pobočku, kde chcete rezervaci.""",Select the branch where you want to book.,,,,
reservationStepBranchTitle,Reservation create flow,Vyberte pobočku,Choose a branch,,,,
reservationStepDatetimeSubtitle,Reservation create flow,Vyberte den a následně dostupný termín.,"""Pick a day, then an available time slot.""",,,,
reservationStepDatetimeTitle,Reservation create flow,Vyberte datum a čas,Choose date and time,,,,
reservationStepEmployeeSubtitle,Reservation create flow,"""Vyberte holiče, ke kterému chcete vytvořit rezervaci.""",Select the barber you want to book with.,,,,
reservationStepEmployeeTitle,Reservation create flow,Vyberte holiče,Choose your barber,,,,
reservationStepServiceSubtitle,Reservation create flow,"""Vyberte službu, kterou chcete rezervovat.""",Select the service you want to book.,,,,
reservationStepServiceTitle,Reservation create flow,Vyberte službu,Choose a service,,,,
reservationSummaryAppointment,Reservation create flow,Váš termín,Your appointment,,,,
reservationSummaryBranch,Reservation create flow,Pobočka,Branch,,,,
reservationSummaryCreating,Reservation create flow,Vytvářím rezervaci…,Creating booking…,,,,
reservationSummaryEstimatedDuration,Reservation create flow,Odhadovaná délka,Estimated duration,,,,
reservationSummaryFrom,Reservation create flow,Od,From,,,,
reservationSummarySubtitle,Reservation create flow,Zkontrolujte údaje před potvrzením.,Review your details before confirming.,,,,
reservationSummaryTitle,Reservation create flow,Shrnutí objednávky,Order summary,,,,
reservationSummaryTo,Reservation create flow,Do,To,,,,
reservationSummaryWithSpecialist,Reservation create flow,U vašeho specialisty,With your barber,,,,
reservationToday,Reservation create flow,Dnes,Today,,,,
reservationTomorrow,Reservation create flow,Zítra,Tomorrow,,,,
reservationsCancelled,Reservations,Zrušené,Cancelled,,,,
reservationsPast,Reservations,Minulé,Past,,,,
reservationsTitle,Reservations,Rezervace,Reservations,,,,
reservationsUpcoming,Reservations,Nadcházející,Upcoming,,,,
reservationsViewBooking,Reservations,Zobrazit rezervaci,View booking,,,,
reviewAnonymous,Review,Anonymní recenze,Anonymous review,,,,
reviewAnonymousDesc,Review,Vaše jméno a profil se u této recenze nezobrazí.,Your name and profile will not be shown with this review.,,,,
reviewDelete,Review,Smazat recenzi,Delete review,,,,
reviewDeleteConfirmMessage,Review,Opravdu chcete smazat tuto recenzi?,Do you really want to delete this review?,,,,
reviewDeleteConfirmTitle,Review,Smazat recenzi,Delete review,,,,
reviewDeleting,Review,Mažu…,Deleting…,,,,
reviewReservationTitle,Review,Recenzujete rezervaci,Reviewing booking,,,,
reviewSubmit,Review,Odeslat recenzi,Submit Review,,,,
reviewUpdate,Review,Upravit recenzi,Update review,,,,
reviewWriteFallback,Review,Napsat recenzi,Write a Review,,,,
reviewWriteTo,Review,Napsat recenzi pro,Write review to,,,,
reviewWriteYourReview,Review,Napište svou recenzi,Write your review,,,,
scheduleAll,Experience,Vše,All,,,,
scheduleDate,Experience,Datum,Date,,,,
scheduleEmpty,Experience,Na tento den nemáme nikoho ve směně.,No barbers are scheduled for this day.,,,,
scheduleEmptyBranch,Experience,Na tento den není ve směně nikdo v této pobočce.,No barbers are scheduled at this branch on this day.,,,,
scheduleProfil,Experience,Profil,Profile,,,,
scheduleRezervovat,Experience,Rezervovat,Book,,,,
scheduleTermsWhen,Real Barber home screen,Termíny {when},Slots {when},,,,
scheduleTitle,Experience,Rozvrh,Schedule,,,,
searchBarbers,Search,Tým,Team,,,,
searchBarbersSubtitle,Search,Prohlédnout barbery a jejich profily,Browse barbers and their profiles,,,,
searchBranches,Search,Pobočky,Branches,,,,
searchBranchesSubtitle,Search,Prohlédnout pobočky,Browse branches,,,,
searchFavorites,Search,Oblíbené,Favorites,,,,
searchFavoritesSubtitle,Search,Uložené pobočky a barbeři,Saved branches and barbers,,,,
searchMyBookings,Search,Mé rezervace,My bookings,,,,
searchMyBookingsSubtitle,Search,Vaše rezervace a návštěvy,Your bookings and visits,,,,
searchPlaceholder,Search,Hledat,Search here,,,,
searchSchedule,Search,Rozvrh,Schedule,,,,
searchScheduleSubtitle,Search,Rezervovat termín,Book an appointment,,,,
searchServices,Search,Služby,Services,,,,
searchServicesSubtitle,Search,Služby a ceník,Services and pricing,,,,
serviceAbout,Service detail,O službě,About the service,,,,
serviceBookThisService,Service / Barber detail,Rezervovat službu,Book this service,,,,
serviceCategoryOther,Reservation create flow,Ostatní,Other,,,,
serviceChooseBranchBarber,Service / Barber detail,Vyberte pobočku a holiče,Choose branch and barber,,,,
serviceDetailNotFound,Service detail,Služba nebyla nalezena.,Service not found.,,,,
serviceReview,Service detail,Recenze,Review,,,,
serviceUpdateReview,Service detail,Upravit recenzi,Update review,,,,
serviceWriteReview,Service detail,Napsat recenzi,Write review,,,,
servicesBasic,Services,Základní,Basic,,,,
servicesColoring,Services,Barvení,Coloring,,,,
servicesExtraEpilaceBadge,Services,OSVOBUZUJÍCÍ,LIBERATING,,,,
servicesExtraEpilaceTitle,Services,Epilace horkým voskem,Hot wax epilation,,,,
servicesExtraHomeBadge,Services,NEJPOHODLNĚJŠÍ,MOST COMFORTABLE,,,,
servicesExtraHomeTitle,Services,Služby domů,Home services,,,,
servicesExtraVideoBadge,Services,NA PAMÁTKU,FOR POSTERITY,,,,
servicesExtraVideoTitle,Services,Video na míru,Custom video,,,,
servicesHaircuts,Services,Střihy,Haircuts,,,,
servicesHomeServices,Services,Služby u vás,Home services,,,,
servicesNoItems,Services,Žádné položky,No items,,,,
servicesPackages,Services,Balíčky,Packages,,,,
servicesPageHairAndBeard,Services,Vlasy a vousy,Hair and beard,,,,
servicesPageHaircutBook,Services,Kniha účesů,Haircut book,,,,
servicesPageHaircutInspiration,Services,Inspirace účesů,Haircut inspiration,,,,
servicesPageSubtitle,Services,Úpravy vlasů a vousů,Hair and beard grooming,,,,
servicesPageSupplementary,Services,Doplňkové služby,Additional services,,,,
servicesPageTitle,Services,Služby,Services,,,,
settingsAccent,Settings,Barevnost,Accent color,,,,
settingsAccentDesc,Settings,Barva zvýraznění v aplikaci,Highlight color used across the app,,,,
settingsChangePassword,Settings,Změnit heslo,Change password,,,,
settingsChangePasswordDesc,Settings,Změňte své heslo,Change your password,,,,
settingsCommunicationPrefs,Settings,Komunikační preference,Communication preferences,,,,
settingsCommunicationPrefsDesc,Settings,Kanály a typy zpráv od aplikace,Channels and message types from the app,,,,
settingsCurrency,Settings,Měna,Currency,,,,
settingsCurrencyDesc,Settings,USD - Americký dolar,USD - United states dollar,,,,
settingsDeleteAccount,Settings,Smazat účet,Delete account,,,,
settingsDeleteAccountCancel,Settings,Ponechat účet,Keep account,,,,
settingsDeleteAccountConfirm,Settings,Smazat natrvalo,Delete permanently,,,,
settingsDeleteAccountConfirmTitle,Settings,Smazat účet,Delete account,,,,
settingsDeleteAccountDeleting,Settings,Mazání účtu…,Deleting account…,,,,
settingsDeleteAccountDetailsAccessTitle,Settings,Okamžité zneplatnění přístupu,Immediate loss of access,,,,
settingsDeleteAccountDetailsAnonymizationTitle,Settings,Anonymizace osobních údajů,Anonymization of personal data,,,,
settingsDeleteAccountDetailsAuditTitle,Settings,Auditní stopa,Audit record,,,,
settingsDeleteAccountDetailsButton,Settings,Detailní vysvětlení smazání účtu,Detailed account deletion explanation,,,,
settingsDeleteAccountDetailsKeepTitle,Settings,Co se nemaže,What is not deleted,,,,
settingsDeleteAccountDetailsSubtitle,Settings,Co přesně se po potvrzení stane,What exactly happens after confirmation,,,,
settingsDeleteAccountDetailsTitle,Settings,Detailní vysvětlení smazání účtu,Detailed account deletion explanation,,,,
settingsDeleteAccountError,Settings,Smazání účtu se nezdařilo. Zkuste to znovu.,Account deletion failed. Please try again.,,,,
settingsDeleteAccountNeedLogin,Settings,Pro smazání účtu musíte být přihlášen/a.,You need to be signed in to delete your account.,,,,
settingsDeleteAccountReasonBranchService,Settings,,I am not satisfied with services at your branches.,,,,
settingsDeleteAccountReasonNoNeed,Settings,Aplikaci už nepotřebuji,I no longer need the app,,,,
settingsDeleteAccountReasonOther,Settings,Jiný důvod,Other reason,,,,
settingsDeleteAccountReasonPlaceholder,Settings,Volitelný důvod (pomůže nám se zlepšit),Optional reason (helps us improve),,,,
settingsDeleteAccountReasonPrivacy,Settings,Obavy o soukromí,Privacy concerns,,,,
settingsDeleteAccountSectionDesc,Settings,Nevratné smazání a anonymizace klientského účtu,Permanent deletion and anonymization of your client account,,,,
settingsHelp,Settings,Nápověda,Help,,,,
settingsHelpDesc,Settings,Kontaktovat podporu,Contact support,,,,
settingsNotifications,Settings,Oznámení,Notifications,,,,
settingsNotificationsDesc,Settings,"""Push notifikace, e-mailová oznámení""","""Push notifications, email notifications""",,,,
settingsPayments,Settings,Platby,Payments,,,,
settingsPaymentsDesc,Settings,Správa platebních metod,Manage payment methods,,,,
settingsSubtitle,Settings,Správa nastavení účtu,Manage your account settings,,,,
settingsSwitchToCzech,Settings,Přepnout do češtiny,Switch to Czech,,,,
settingsSwitchToEnglish,Settings,Přepnout do angličtiny,Switch to English,,,,
settingsTitle,Settings,Nastavení,Settings,,,,
sheetBranchFallback,Reservation create flow,Pobočka,Branch,,,,
sheetBranchInterior,Reservation create flow,Interiér pobočky,Branch interior,,,,
sheetBranchNoIntro,Reservation create flow,Tato pobočka zatím nemá krátké představení.,This branch has no short description yet.,,,,
sheetClose,Reservation create flow,Zavřít,Close,,,,
sheetHideDescription,Reservation create flow,Skrýt popis,Hide description,,,,
sheetHowToBranch,Reservation create flow,Kudy na pobočku?,How to get to the branch?,,,,
sheetNoBio,Reservation create flow,Bez popisu.,No description.,,,,
sheetPortfolio,Reservation create flow,Ukázka práce,Portfolio,,,,
sheetShowFullDescription,Reservation create flow,Zobrazit celý popis,Show full description,,,,
sheetSpecialistFallback,Reservation create flow,Specialista,Barber,,,,
sheetVideoLabel,Reservation create flow,Video,Video,,,,
signupAlreadyHave,Auth,Už máte účet? ,Already have an account? ,,,,
signupAvatarAddHint,Auth,Klepněte na + a vyberte fotku z galerie.,Tap + to add a photo from your gallery.,,,,
signupAvatarCarouselHint,Auth,"""Vyberte avatar posunem, nebo přidejte vlastní fotku.""","""Swipe to pick an avatar, or add your own photo.""",,,,
signupAvatarLoadError,Auth,Avatary se nepodařilo načíst.,Could not load avatars.,,,,
signupAvatarLoading,Auth,Načítám avatary…,Loading avatars…,,,,
signupAvatarRetry,Auth,Zkusit znovu,Try again,,,,
signupAvatarUrlInvalid,Auth,Zadejte platné http(s) URL nebo pole nechte prázdné.,Enter a valid http(s) URL or leave the field empty.,,,,
signupAvatarUrlLabel,Auth,URL obrázku (volitelně),Image URL (optional),,,,
signupConfirmPassword,Auth,Potvrdit heslo,Confirm password,,,,
signupConfirmRequired,Auth,Potvrďte heslo,Confirm your password,,,,
signupCreateAccount,Auth,Vyplňte své jméno a příjmení,Enter your first and last name,,,,
signupCreateAccountDesc,Auth,Ať vás v aplikaci můžeme správně oslovovat a připravit vše na míru.,So we can address you properly and personalize your experience.,,,,
signupCreateAccountOtpHint,Auth,Pro ověření jsme vám poslali SMS kód na zadané číslo.,"""To verify it's really you, we sent an SMS code to your number.""",,,,
signupEmail,Auth,E-mail,Email,,,,
signupEmailDomainHint,Auth,Klepnutím doplníte doménu,Tap to complete domain,,,,
signupEmailInvalid,Auth,Zadejte platný e-mail,Enter a valid email address,,,,
signupEmailOptional,Auth,E-mail (volitelně),Email (optional),,,,
signupEmailRequired,Auth,E-mail je povinný,Email is required,,,,
signupLogIn,Auth,Přihlásit se,Log in,,,,
signupPassword,Auth,Heslo,Password,,,,
signupPasswordMeterShort,Auth,Zadejte alespoň 4 znaky.,Enter at least 4 characters.,,,,
signupPasswordMinLength,Auth,Heslo musí mít alespoň 4 znaky,Password must be at least 4 characters,,,,
signupPasswordMismatch,Auth,Hesla se neshodují,Passwords do not match,,,,
signupPasswordRequired,Auth,Heslo je povinné,Password is required,,,,
signupPhoneInvalid,Auth,Zadejte platné telefonní číslo,Enter a valid phone number,,,,
signupPhoneLabel,Auth,Telefonní číslo,Phone number,,,,
signupPhoneRequired,Auth,Telefonní číslo je povinné,Phone number is required,,,,
signupRegisterFailed,Auth,Registrace se nezdařila. Zkuste to znovu.,Registration failed. Please try again.,,,,
signupStepAvatarSubtitle,Auth,Volitelně — můžete doplnit i později v profilu.,Optional — you can change it later in your profile.,,,,
signupStepAvatarTitle,Auth,Profilová fotka,Profile photo,,,,
signupStepBirthdaySubtitle,Auth,Tento údaj je nepovinný.,This field is optional.,,,,
signupStepBirthdayTitle,Auth,Datum narození,Date of birth,,,,
signupStepEmailSubtitle,Auth,Použijeme ho pro potvrzení a důležité zprávy.,We use it for confirmations and updates.,,,,
signupStepEmailTitle,Auth,E-mail,Email,,,,
signupStepNameSubtitle,Auth,Jak vás máme oslovovat?,How should we address you?,,,,
signupStepNameTitle,Auth,Jméno,Your name,,,,
signupStepPasswordSubtitle,Auth,Zvolte bezpečné heslo.,Choose a secure password.,,,,
signupStepPasswordTitle,Auth,Heslo,Password,,,,
signupStepPhoneSubtitle,Auth,Použijeme ho k přihlášení.,We use it to sign you in.,,,,
signupStepPhoneTitle,Auth,Telefonní číslo,Phone number,,,,
signupTitle,Auth,Registrace,Sign up,,,,
signupWelcomeJoinTeam,Auth,Vstoupit do Týmu Real Barber,Join the Real Barber Team,,,,
tabBarbers,Home tabs (horizontal scroll under home),Tým,Team,,,,
tabBranches,Home tabs (horizontal scroll under home),Pobočky,Branches,,,,
tabGuides,Home tabs (horizontal scroll under home),Návody,Guides,,,,
tabInspirace,Home tabs (horizontal scroll under home),Účesy,Inspiration,,,,
tabMyHaircuts,Home tabs (horizontal scroll under home),Můj styl,My style,,,,
tabRealBarber,Home tabs (horizontal scroll under home),Real Barber,Real Barber,,,,
tabServices,Home tabs (horizontal scroll under home),Služby,Services,,,,
tabWallet,Home tabs (horizontal scroll under home),Peněženka,Wallet,,,,
teamMemberCardNoShiftHint,Real Barber home screen,Aktuálně žádné volné termíny,No free slots at the moment,,,,
teamMemberCardViewProfile,Real Barber home screen,Zobrazit profil,View profile,,,,
teamPageEmpty,Real Barber home screen,Zatím nemáme žádné holiče.,No barbers yet.,,,,
teamPageLoadError,Real Barber home screen,Nepodařilo se načíst tým.,Could not load team.,,,,
teamPageLoading,Real Barber home screen,Načítám…,Loading…,,,,
teamPageTitle,Real Barber home screen,Tým,Team,,,,
topPicks,Common,Top výběr,Top picks,,,,
transferAvailable,Transfer,K dispozici,Available,,,,
transferChatAmountPlaceholder,Transfer,Částka (RBC),Amount (RBC),,,,
transferChatBalance,Transfer,Zůstatek,Balance,,,,
transferChatEnterValidAmount,Transfer,Zadejte platnou částku.,Enter a valid amount.,,,,
transferChatFailed,Transfer,Převod se nezdařil.,Transfer failed.,,,,
transferChatMenuBlockUser,Transfer,Blokovat uživatele,Block user,,,,
transferChatMenuReportUser,Transfer,Nahlásit uživatele,Report user,,,,
transferChatMenuViewProfile,Transfer,Zobrazit profil,View profile,,,,
transferChatNoTransactions,Transfer,S tímto příjemcem zatím nemáte žádné transakce,You have no transactions with this recipient yet,,,,
transferChatNotEnoughRbc,Transfer,Nemáte dostatek RBC.,You don't have enough RBC.,,,,
transferChatNoteOptional,Transfer,Poznámka (nepovinná),Note (optional),,,,
transferChatRemaining,Transfer,Zbývá,Remaining,,,,
transferChatSend,Transfer,Odeslat,Send,,,,
transferChatSending,Transfer,Odesílám…,Sending…,,,,
transferChatYesterday,Transfer,Včera,Yesterday,,,,
transferHelpClose,Transfer,Rozumím,Got it,,,,
transferHelpCta,Transfer,Nápověda,Help,,,,
transferHelpTitle,Transfer,Jak vyhledávání funguje,How search works,,,,
transferNewPayment,Transfer,Nová platba,New payment,,,,
transferRecipient,Transfer,Příjemce,Recipient,,,,
transferSearchPlaceholder,Transfer,Jméno kolegy nebo celé telefonní číslo příjemce,Colleague name or recipient’s full phone number,,,,
transferSearching,Transfer,Vyhledávám…,Searching…,,,,
transferTheySentYouRbc,Transfer,Odeslali vám,They sent you,,,,
transferYouSentRbc,Transfer,Odeslali jste,You sent,,,,
tripsAddReview,Trips card,Napsat recenzi,Add review,,,,
tripsDays,Trips / Bookings,dní,days,,,,
tripsFilterAll,Trips / Bookings,Vše,All,,,,
tripsFilterCancelled,Trips / Bookings,Zrušené,Cancelled,,,,
tripsFilterCurrent,Trips / Bookings,Aktuální,Current,,,,
tripsFilterPast,Trips / Bookings,Minulé,Past,,,,
tripsFilterPendingReview,Trips / Bookings,Čeká na recenzi,Pending review,,,,
tripsFilterRated,Trips / Bookings,Ohodnocené,Rated,,,,
tripsFilterUpcoming,Trips / Bookings,Nadcházející,Upcoming,,,,
tripsFilterWithoutCancelled,Trips / Bookings,Bez zrušených,Without cancelled,,,,
tripsHours,Trips / Bookings,h,h,,,,
tripsIn,Trips / Bookings,Za,In,,,,
tripsLoading,Trips / Bookings,Načítání…,Loading…,,,,
tripsMessage,Trips card,Zpráva,Message,,,,
tripsMinutes,Trips / Bookings,min,min,,,,
tripsNoBookings,Trips / Bookings,Zatím žádné rezervace.,No bookings yet.,,,,
tripsSeconds,Trips / Bookings,s,s,,,,
tripsTitle,Trips / Bookings,Vaše rezervace,Your Bookings,,,,
tripsViewBooking,Trips card,Zobrazit rezervaci,View booking,,,,
walletAddMoney,Wallet,Přidat peníze,Add money,,,,
walletDetailCashback,Wallet,Cashback,Cashback,,,,
walletDetailDateAndTime,Wallet,Datum a čas,Date and time,,,,
walletDetailLoyaltyReward,Wallet,Věrnostní odměna,Loyalty reward,,,,
walletDetailPayment,Wallet,Platba,Payment,,,,
walletDetailPaymentNote,Wallet,Poznámka k platbě,Payment note,,,,
walletDetailPerformedBy,Wallet,Provedl,Performed by,,,,
walletDetailReceived,Wallet,Přijato,Received,,,,
walletDetailRecipient,Wallet,Příjemce,Recipient,,,,
walletDetailSend,Wallet,Odeslat,Send,,,,
walletDetailSender,Wallet,Odesílatel,Sender,,,,
walletDetailSent,Wallet,Odesláno,Sent,,,,
walletDetailTransaction,Wallet,Transakce,Transaction,,,,
walletDetailTransactionId,Wallet,ID transakce,Transaction ID,,,,
walletDetailTransfer,Wallet,Převod,Transfer,,,,
walletDetailUpdated,Wallet,Aktualizováno,Updated,,,,
walletDetails,Wallet,Detail,Details,,,,
walletFlexiFondy,Wallet,FlexiFondy,FlexiFondy,,,,
walletFlexiFondySubtitle,Wallet,"""S variabilním úrokem v EUR, GBP nebo USD. Investiční riziko.""","""Variable interest in EUR, GBP or USD. Investment risk.""",,,,
walletHistoryCashback,Wallet,Cashback,Cashback,,,,
walletHistoryDayBefore,Wallet,Předevčírem,Day before yesterday,,,,
walletHistoryGiftCardCreated,Wallet,Dárková karta vytvořena,Gift card created,,,,
walletHistoryLoading,Wallet,Načítání…,Loading…,,,,
walletHistoryTitle,Wallet,Historie,History,,,,
walletHistoryToday,Wallet,Dnes,Today,,,,
walletHistoryYesterday,Wallet,Včera,Yesterday,,,,
walletMore,Wallet,Více,More,,,,
walletMoreButton,Wallet,Více,More,,,,
walletNoTransactions,Products (home),Žádné transakce,No transactions,,,,
walletPersonalRbcCaption,Wallet,Osobní · RBC,Personal · RBC,,,,
walletPromoSubtitle2,Wallet,Získejte cashback z každého nákupu v partnerských salonech.,Earn cashback on every purchase at partner salons.,,,,
walletPromoSubtitle3,Wallet,Darujte RBC kredity jako dárkovou kartu.,Give RBC credits as a gift card.,,,,
walletPromoTitle2,Wallet,RBC Cashback,RBC Cashback,,,,
walletPromoTitle3,Wallet,Dárkové karty RBC,RBC Gift Cards,,,,
walletShowAll,Wallet,Zobrazit vše,Show all,,,,
walletStats,Wallet,Statistika,Statistics,,,,
walletStatsEmpty,Wallet,Zatím nemáte žádné transakce.,No transactions yet.,,,,
walletStatsEmptyMonth,Wallet,V tomto měsíci žádné pohyby.,No activity this month.,,,,
walletStatsInMonth,Wallet,v {month},in {month},,,,
walletStatsLoading,Wallet,Načítání…,Loading…,,,,
walletStatsLoginRequired,Wallet,Přihlaste se pro zobrazení statistik.,Sign in to view statistics.,,,,
walletStatsMovesInMonth,Wallet,Pohyby {month},Activity {month},,,,
walletStatsReceived,Wallet,Přijato,Received,,,,
walletStatsRecentMoves,Wallet,Poslední pohyby,Recent activity,,,,
walletStatsSpentInMonth,Wallet,Utraceno v {month},Spent in {month},,,,
walletStatsSpentThisMonth,Wallet,Utraceno tento měsíc,Spent this month,,,,
walletStatsThisMonth,Wallet,tento měsíc,this month,,,,
walletTransactionVisitReservationBonus,Wallet,10% cashback z návštěvy,10% visit cashback,,,,
walletTransactions,Products (home),Transakce,Transactions,,,,
walletTransfer,Wallet,Převod,Transfer,,,,
warehouseDisplayCentral,Product detail,Centrální sklad,Central warehouse,,,,
welcomeContinueApple,Auth,Pokračovat přes Apple,Continue with Apple,,,,
welcomeContinueGoogle,Auth,Pokračovat přes Google,Continue with Google,,,,
welcomePasswordLoginBadge,Auth,Místo toho heslo,Use password instead,,,,
welcomeStart,Auth,Začít,Start,,,,
welcomeSubtitle,Auth,Jste připraveni?,Ready to get started?,,,,