key,section,cs,en,uk,cs_web_suggested,en_web_suggested,notes_for_translator
accentCurrentColor,Settings,Aktuální barva,Current color,Поточний колір,,,
accentHexPlaceholder,Settings,např. #FF4F31,e.g. #FF4F31,напр. #FF4F31,,,
accentHueSlider,Settings,Odstín,Hue,Відтінок,,,
accentReset,Settings,Výchozí barva,Default color,Колір за замовчуванням,,,
accentTabPreviewLabel,Settings,Náhled aktivní záložky,Active tab preview,Перегляд активної вкладки,,,
accentTitle,Settings,Barevnost,Accent color,Кольори,,Colors,Web Accent.title = Barevnost / Colors (app EN: Accent color).
appearanceOptionDark,Profile,Tmavý,Dark,Темний,,,
appearanceOptionLight,Profile,Světlý,Light,Світлий,,,
appearanceOptionSystem,Profile,Dle systému,System,За системою,,,
appearanceSheetTitle,Profile,Vzhled stránky,Page appearance,Вигляд сторінки,,,
barberAboutMe,Service / Barber detail,O mně,About me,Про мене,,,
barberAvailability,Service / Barber detail,Dostupnost,Availability,Доступність,,,
barberBook,Service / Barber detail,Rezervovat,Book,Забронювати,,,
barberBranches,Barber detail,Pobočky,Branches,Філії,,,
barberCollapseShifts,Service / Barber detail,Zabalit,Collapse,Згорнути,,,
barberColoringSkills,Service / Barber detail,Barvení,Coloring,Фарбування,,,
barberFavoriteServices,Service / Barber detail,Oblíbené služby,Favorite services,Улюблені послуги,,,
barberFindMeAtBranch,Service / Barber detail,Najdete mě na pobočce,Find me at this branch,Знайдете мене на філії,,,
barberFindMeAtBranches,Service / Barber detail,Najdete mě na pobočkách,Find me at these branches,Знайдете мене на філіях,,,
barberFullyBookedThatDay,Service / Barber detail,Tento den plně obsazeno,Fully booked this day,Цей день повністю зайнятий,,,
barberFullyBookedToday,Service / Barber detail,Dnes plně obsazeno,Fully booked today,Сьогодні повністю зайнятий,,,
barberHairstyleSkills,Service / Barber detail,Střihy,Haircuts,Укладки,,,
barberLanguages,Service / Barber detail,Mluvím,I speak,Мови,,,
barberLoadAllShifts,Service / Barber detail,Načíst všechny směny,Load all shifts,Завантажити всі зміни,,,
barberLoadMoreShifts,Service / Barber detail,Načíst další směny,Load more shifts,Завантажити ще зміни,,,
barberMenuBook,Service / Barber detail,Rezervuj se ke mě,Book with me,Забронюй до мене,,,
barberMenuOpen,Service / Barber detail,Další akce,More actions,Інші дії,,,
barberMenuRate,Service / Barber detail,Ohodnotit,Rate,Оцінити,,,
barberMenuShare,Service / Barber detail,Sdílet,Share,Поділитися,,,
barberMine,Service / Barber detail,Moje,Mine,Мої,,,
barberMyFavorites,Service / Barber detail,Moje nejoblíbenější,My favorites,Мої улюблені,,,
barberNearestSlotTitle,Service / Barber detail,Nejbližší termín,Nearest slot,Найближчий термін,,,
barberNearestSlotsTitle,Service / Barber detail,Nejbližší termíny,Nearest slots,Найближчі терміни,,,
barberNoAvailability,Service / Barber detail,Kalendář směn zatím není k dispozici.,Shift calendar is not available yet.,Календар змін поки недоступний.,,,
barberNoReviews,Service / Barber detail,Zatím žádné recenze.,No reviews yet.,Поки немає відгуків.,,,
barberNoShifts,Service / Barber detail,Žádné naplánované směny.,No scheduled shifts.,Немає запланованих змін.,,,
barberNotFound,Service / Barber detail,Holič nenalezen,Barber not found,Барбера не знайдено,,,
barberPhoneCall,Service / Barber detail,Zavolat,Call,Зателефонувати,,,
barberReserveWith,Service / Barber detail,Rezervovat u tohoto holiče,Reserve with this barber,Забронювати в цього барбера,,,
barberReview,Barber detail,Recenze,Review,Відгук,,,
barberReviewsLoadError,Service / Barber detail,Recenze se nepodařilo načíst.,Could not load reviews.,Не вдалося завантажити відгуки.,,,
barberReviewsLoading,Service / Barber detail,Načítám…,Loading…,Завантажую…,,,
barberReviewsNext,Service / Barber detail,Další,Next,Інше,,,
barberReviewsPrevious,Service / Barber detail,Předchozí,Previous,Попередня,,,
barberScrollToAvailability,Service / Barber detail,"""Podívejte se, kdy jsem příště""",See when I am available next,"""Подивіться, коли я наступного разу""",,,
barberSelect,Service / Barber detail,Vybrat,Select,Обрати,,,
barberServices,Barber detail,Služby,Services,Послуги,,,
barberShareCopied,Service / Barber detail,Zkopírováno,Copied,Скопійовано,,,
barberShareCopyLink,Service / Barber detail,Kopírovat odkaz na profil,Copy profile link,Копіювати посилання на профіль,,,
barberShareEmail,Service / Barber detail,E-mail,Email,E-mail,,,
barberShareEmailBody,Service / Barber detail,Podívej se na profil {name}:\n{url},Check out {name}\'s profile:\n{url},Подивись на профіль {name}:\n{url},,,
barberShareEmailSubject,Service / Barber detail,Profil {name} — Real Barber,Profile {name} — Real Barber,Профіль {name} — Real Barber,,,
barberShareFacebook,Service / Barber detail,Facebook,Facebook,Facebook,,,
barberShareSheetTitle,Service / Barber detail,Sdílet profil,Share profile,Поділитися профілем,,,
barberShareTelegram,Service / Barber detail,Telegram,Telegram,Telegram,,,
barberShareWhatsApp,Service / Barber detail,WhatsApp,WhatsApp,WhatsApp,,,
barberShiftCalendarConfigNeeded,Service / Barber detail,Pro zobrazení dostupnosti je potřeba nastavení kalendáře.,Shift calendar needs to be configured.,Для показу доступності потрібне налаштування календаря.,,,
barberSkills,Service / Barber detail,Dovednosti,Skills,Навички,,,
barberStories,Service / Barber detail,Stories,Stories,Історії,,,
barberStoriesTeaser,Service / Barber detail,Podívejte se na nové stories,Check out new stories,Подивіться нові stories,,,
barberTodayShift,Service / Barber detail,Dnes má směnu,On shift today,Сьогодні на зміні,,,
barberTodaySlots,Service / Barber detail,Dnešní volné termíny,Today's available slots,Сьогоднішні вільні слоти,,,
barberUnavailableToday,Service / Barber detail,Dnes už jsem skončil/a,I'm done for today,Сьогодні я вже закінчив/ла,,,
barberUpdateReview,Barber detail,Upravit recenzi,Update review,Редагувати відгук,,,
barberVideo,Service / Barber detail,Video,Video,Відео,,,
barberWorkSamples,Barber detail,Ukázky práce,Work samples,Приклади робіт,,,
barberWriteReview,Barber detail,Napsat recenzi,Write review,Написати відгук,,,
bookingAddToCalendar,Trip detail / Booking detail,Přidat do kalendáře,Add to calendar,Додати в календар,,,
bookingAddToCalendarDescription,Trip detail / Booking detail,"""Přidá událost s datem, časem a místem do kalendáře.""","""Adds a calendar event with date, time, and location.""","""Додає подію з датою, часом і місцем до календаря.""",,,
bookingAddToCalendarFailed,Trip detail / Booking detail,Kalendář se nepodařilo otevřít. Zkuste to prosím znovu.,The calendar could not be opened. Please try again.,Не вдалося відкрити календар. Спробуйте ще раз.,,,
bookingAnyEmployeeMeta,Reservation create flow,Volné termíny dohromady,Combined available times,Вільні слоти разом,,,
bookingApprove,Booking detail,Schválit,Approve,Схвалити,,,
bookingBranchSelect,Reservation create flow,Vybrat pobočku,Select branch,Обрати відділення,,,
bookingCalendarNoteBarber,Trip detail / Booking detail,Kadeřník,Barber,Барбер,Holič,,"Na webu je „Holič“, ne „Kadeřník“."
bookingCleaningFee,Trip detail / Booking detail,Poplatek za úklid,Cleaning fee,Плата за прибирання,,,
bookingContactYourDetails,Reservation create flow,Vaše údaje,Your details,Ваші дані,,,
bookingContinue,Reservation create flow,Pokračovat,Continue,Продовжити,,,
bookingCouponAppliedAt,Trip detail / Booking detail,Uplatněno,Applied,Застосовано,,,
bookingCouponChoiceTitle,Reservation create flow,Slevový kód / Dárkový poukaz,Discount code / Gift voucher,Знижковий код / Подарунковий сертифікат,,,
bookingCouponCodeLabel,Trip detail / Booking detail,Kód,Code,Код,,,
bookingCouponNotMatchedHint,Reservation create flow,"""Kód platí, ale nemusí být vázaný na váš účet.""",The code is valid but may not be linked to your account.,"""Код дійсний, але може бути не прив’язаний до вашого акаунта.""",,,
bookingCouponSectionTitle,Trip detail / Booking detail,Byl uplatněn kupón,Coupon applied,Купон застосовано,,,
bookingCouponUsageShort,Trip detail / Booking detail,Kupón,Coupon,Купон,,,
bookingDatetimeContactOperator,Reservation create flow,Napsat operátorovi,Contact support,Написати оператору,,,
bookingDatetimeEmptyDayBodyGeneric,Reservation create flow,Tento den není dostupný volný čas.,No available time on this day.,Цього дня немає вільного часу.,,,
bookingDatetimeEmptyDayBodyNamed,Reservation create flow,{employee} ten den nemá volný čas nebo nepracuje.,{employee} has no available time on this day or is not working.,{employee} цього дня не має вільного часу або не працює.,,,
bookingDatetimeEmptyDayTitle,Reservation create flow,{day} - tento den není dostupný,{day} - this day is unavailable,{day} - цей день недоступний,,,
bookingDatetimeGoToDay,Reservation create flow,Přejít na {day},Go to {day},Перейти на {day},,,
bookingDatetimeGoToNearest,Reservation create flow,Přejít na nejbližší dostupné datum,Go to nearest available date,Перейти до найближчої доступної дати,,,
bookingDatetimeNearestAvailableLabel,Reservation create flow,Nejbližší dostupné datum:,Nearest available date:,Найближча доступна дата:,,,
bookingDatetimeNoSlotsToday,Reservation create flow,Tento den již nejsou volné termíny,No available time slots left for this day,На цей день уже немає вільних термінів,,,
bookingDatetimeNoTimeSection,Reservation create flow,Nenašli jste čas?,Did not find a time?,Не знайшли час?,,,
bookingDetailCancelBooking,Trip detail,Opravdu chcete zrušit rezervaci?,Cancel this booking?,Справді скасувати бронювання?,,,
bookingDetailCancelButton,Trip detail,Zrušit,Cancel,Скасувати,,,
bookingDetailCancelConfirmAtBranch,Trip detail,na pobočce,at,у філії,,,
bookingDetailCancelConfirmIntro,Trip detail,Rezervace je naplánovaná na,Your booking is scheduled for,Бронювання заплановано на,,,
bookingDetailCancelError,Trip detail,Rezervaci se nepodařilo zrušit,Failed to cancel booking,Не вдалося скасувати бронювання,,,
bookingDetailCancelNo,Trip detail,Nechat být,Keep booking,Залишити,,,
bookingDetailCancelReasonPlaceholder,Trip detail,Důvod (nepovinné),Reason (optional),Причина (необов’язково),,,
bookingDetailCancelSuccess,Trip detail,Rezervace byla zrušena,Booking cancelled,Бронювання скасовано,,,
bookingDetailCancelYes,Trip detail,Zrušit rezervaci,Cancel booking,Скасувати бронювання,,,
bookingDetailFullMap,Trip detail,Celá mapa,Full map,Вся мапа,,,
bookingDetailLocation,Trip detail,Poloha,Location,Розташування,,,
bookingDetailMoveButton,Trip detail,Přesunout,Reschedule,Перенести,,,
bookingDetailMoveReservation,Trip detail,Přesunout rezervaci,Reschedule,Перенести бронювання,,,
bookingDetailPostBookingCalendarLater,Trip detail / Booking detail,Teď ne,Not now,Не зараз,,,
bookingDetailPostBookingCalendarTitle,Trip detail / Booking detail,Přidat do kalendáře?,Add to calendar?,Додати в календар?,,,
bookingDetailRepeatReservation,Trip detail,Opakovat,Repeat,Повторити,,,
bookingDetailServiceFee,Trip detail,Poplatek za službu (odečteno),Service fee (deducted),Комісія за послугу (відраховано),,,
bookingDetailTaxes,Trip detail,Daně,Taxes,Податки,,,
bookingDetailTitle,Trip detail / Booking detail,Detail rezervace,Booking Detail,Деталі бронювання,,,
bookingDetailYourEarnings,Trip detail,Vaše výdělky,Your earnings,Ваш заробіток,,,
bookingDetails,Trip detail / Booking detail,Detaily rezervace,Booking details,Деталі бронювання,,,
bookingDiscountCodeOption,Reservation create flow,Slevový kód,Discount code,Знижковий код,,,
bookingDiscountCodeSheetHint,Reservation create flow,Vložte slevový kód,Enter your discount code,Введіть знижковий код,,,
bookingDiscountCodeSheetTitle,Reservation create flow,Slevový kód,Discount code,Знижковий код,,,
bookingDuration,Trip detail / Booking detail,Délka,Duration,Тривалість,,,
bookingEmployeeAbout,Reservation create flow,O mně,About me,Про мене,,,
bookingEmployeeFullProfile,Reservation create flow,Celý profil,Full profile,Повний профіль,,,
bookingEmployeeLanguages,Reservation create flow,Jazyky,Languages,Мови,,,
bookingEmployeeNearest,Reservation create flow,Nejbližší termín,Next available,Найближчий термін,,,
bookingEmployeeNoSlots,Reservation create flow,Bez volných termínů,No available slots,Немає вільних термінів,,,
bookingEmployeeSelect,Reservation create flow,Vybrat,Select,Обрати,,,
bookingEmployeeViewProfile,Reservation create flow,Zobrazit profil,View profile,Показати профіль,,,
bookingFrom,Trip detail / Booking detail,Od,From,від,,,
bookingGiftVoucherContinue,Reservation create flow,Pokračovat,Continue,Продовжити,,,
bookingGiftVoucherOption,Reservation create flow,Dárkový poukaz,Gift voucher,Подарунковий сертифікат,,,
bookingGiftVoucherSheetTitle,Reservation create flow,Dárkový poukaz,Gift voucher,Подарунковий сертифікат,,,
bookingGuestInfo,Trip detail / Booking detail,Informace o hostu,Guest Information,Інформація про гостя,,,
bookingInCareOf,Trip detail / Booking detail,V péči u,In care of,Під опікою,,,
bookingLoadFailed,Trip detail / Booking detail,Nepodařilo se načíst,Failed to load,Не вдалося завантажити,,,
bookingMessage,Trip detail / Booking detail,Zpráva,Message,Повідомлення,,,
bookingMessageFromGuest,Trip detail / Booking detail,Zpráva od hosta,Message from guest,Повідомлення від гостя,,,
bookingMessageGuest,Booking detail,Napsat hostovi,Message guest,Написати гостю,,,
bookingMinutesShort,Trip detail / Booking detail,min,min,хв,,,
bookingNotFound,Trip detail / Booking detail,Rezervace nenalezena,Booking not found,Бронювання не знайдено,,,
bookingOpenEmployeeProfile,Trip detail / Booking detail,Profil holiče,Barber profile,Профіль барбера,,,
bookingOtpConfirm,Reservation create flow,Potvrdit rezervaci,Confirm booking,Підтвердити бронювання,,,
bookingOtpHint,Reservation create flow,Zadejte kód z SMS na číslo,Enter the SMS code sent to,Введіть код з SMS на номер,,,
bookingOtpTitle,Reservation create flow,Potvrzení telefonu,Phone verification,Підтвердження телефону,,,
bookingPriceDetails,Trip detail / Booking detail,Cenové detaily,Price details,Деталі ціни,,,
bookingProgressBranch,Reservation create flow,Pobočka,Branch,Філія,,,
bookingProgressContact,Reservation create flow,Kontakt,Contact,Контакт,,,
bookingProgressDatetime,Reservation create flow,Termín,Time,Термін,,,
bookingProgressEmployee,Reservation create flow,Holič,Barber,Барбер,,,
bookingProgressService,Reservation create flow,Služba,Service,Послуга,,,
bookingProgressSummary,Reservation create flow,Shrnutí,Summary,Підсумок,,,
bookingReject,Booking detail,Odmítnout,Reject,Відхилити,,,
bookingRequestDetails,Trip detail / Booking detail,Detaily žádosti,Request details,Деталі запиту,,,
bookingReservationDetails,Trip detail / Booking detail,Detaily rezervace,Reservation details,Деталі бронювання,,,
bookingReservationNumber,Trip detail / Booking detail,Číslo rezervace,Reservation number,Номер бронювання,,,
bookingReserveTerm,Reservation create flow,Rezervovat termín,Book appointment,Забронювати термін,,,
bookingSendRbcTip,Trip detail / Booking detail,Poslat RBC jako spropitné,Send RBC as tip,Надіслати RBC як чайові,,,
bookingServiceFallback,Trip detail / Booking detail,Služba,Service,Послуга,,,
bookingServiceSelect,Reservation create flow,Vybrat tuto službu,Select this service,Обрати цю послугу,,,
bookingShareButton,Trip detail,Sdílet,Share,Поділитися,,,
bookingShareDetailButton,Trip detail,Sdílet detail rezervace,Share booking detail,Поділитися деталями бронювання,,,
bookingShareMyBookingButton,Trip detail,Sdílet rezervaci,Share booking,Поділитися бронюванням,,,
bookingSharePreviewChip,Trip detail,Co uvidí příjemce?,What will they see?,Що побачить одержувач?,,,
bookingShareSheetTitle,Trip detail,Sdílet rezervaci,Share booking,Поділитися бронюванням,,,
bookingShareTitle,Trip detail,Podívej se na mou rezervaci | Real Barber,Check out my booking | Real Barber,Подивись на моє бронювання | Real Barber,,,
bookingSlotHandoffDateAt,Reservation create flow,{date} v {time},{date} at {time},{date} о {time},,,
bookingSlotHandoffDateEarliest,Reservation create flow,{date} nejdříve v {time},Earliest {date} at {time},Найраніше {date} о {time},,,
bookingSlotHandoffDayAfterTomorrowAt,Reservation create flow,Pozítří v {time},Day after tomorrow at {time},Післязавтра о {time},,,
bookingSlotHandoffDayAfterTomorrowEarliest,Reservation create flow,Pozítří nejdříve v {time},Earliest day after tomorrow at {time},Найраніше післязавтра о {time},,,
bookingSlotHandoffDayToday,Reservation create flow,dnes,today,сьогодні,,,
bookingSlotHandoffSubtitle,Reservation create flow,Pro tento termín u vybraného holiče,For this time with your selected barber,Для цього часу в обраного барбера,,,
bookingSlotHandoffTodayAt,Reservation create flow,Dnes v {time},Today at {time},Сьогодні о {time},,,
bookingSlotHandoffTodayEarliest,Reservation create flow,Dnes nejdříve v {time},Earliest today at {time},Найраніше сьогодні о {time},,,
bookingSlotHandoffTomorrowAt,Reservation create flow,Zítra v {time},Tomorrow at {time},Завтра о {time},,,
bookingSlotHandoffTomorrowEarliest,Reservation create flow,Zítra nejdříve v {time},Earliest tomorrow at {time},Найраніше завтра о {time},,,
bookingStatus,Trip detail / Booking detail,Stav,Status,Статус,,,
bookingStatusCancelled,Trips card,Zrušené,Cancelled,Скасовано,,,
bookingStatusInProgress,Trips card,Probíhá,In progress,Триває,,,
bookingStatusPast,Trips card,Minulé,Past,Минулі,,,
bookingStatusUpcoming,Trips card,Nadcházející,Upcoming,Найближча,,,
bookingSummaryMissingSlot,Reservation create flow,Nejdřív vyberte termín u konkrétního holiče.,Please select a time slot with a specific barber first.,Спочатку виберіть час у конкретного барбера.,,,
bookingSummaryPrice,Reservation create flow,Cena,Price,Ціна,,,
bookingTo,Trip detail / Booking detail,Do,To,До,,,
bookingTotal,Trip detail / Booking detail,Celkem,Total,Разом,,,
bookingWaitlist,Reservation create flow,Čekací listina,Waitlist,Черга очікування,,,
bookingYourAppointment,Trip detail / Booking detail,Vaše návštěva,Your appointment,Ваш візит,,,
branchAboutSalon,Branch detail,O salonu,About the salon,Про салон,,,
branchAddressNotSet,Branch detail,Adresa není zadána,Address not set,Адресу не вказано,,,
branchContactSmsAria,Branch detail,Napsat SMS,Send SMS,Написати SMS,,,
branchContactTelegramAria,Branch detail,Napsat Telegram,Send Telegram,Написати в Telegram,,,
branchContactWhatsAppAria,Branch detail,Napsat WhatsApp,Send WhatsApp,Написати в WhatsApp,,,
branchCopyAddress,Service / Barber detail,Zkopírovat adresu,Copy address,Копіювати адресу,,,
branchDescription,Branch detail,Popis pobočky,Branch description,Опис філії,,,
branchDirectionsVideoTitle,Branch detail,Jak se k nám dostanete?,How to get to us,Як до нас дістатися,,,
branchFullRating,Branch detail,Celý průměr,Full rating,Повний рейтинг,,,
branchInteriorTitle,Branch detail,Interiér,Interior,Інтер'єр,,,
branchLoadingReviews,Branch detail,Načítání recenzí…,Loading reviews…,Завантаження відгуків…,,,
branchMenuBook,Service / Barber detail,Objednat se na pobočku,Book at branch,Записатися до філії,,,
branchMenuOpen,Service / Barber detail,Menu pobočky,Branch menu,Меню філії,,,
branchMine,Branch detail,Moje,Mine,Мої,,,
branchNavigateSectionTitle,Kudy,Navigovat,Navigate,Навігація,,,
branchNavigateSheetHeading,Kudy,Navigovat do pobočky,Navigate to branch,Навігація до філії,,,
branchOtherBranchesTitle,Branch detail,Další pobočky,Other branches,Інші філії,,,
branchParkingMapTitle,Branch detail,Parkovací mapa,Parking map,Карта паркування,,,
branchReadMore,Branch detail,Číst více,Read more,Читати більше,,,
branchReserve,Branch detail,Rezervovat,Reserve,Забронювати,,,
branchReview,Branch detail,Recenze,Review,Відгук,,,
branchReviews,Branch detail,recenze,reviews,Відгук,,,
branchServices,Branch detail,Služby,Services,Послуги,,,
branchShareEmailBody,Service / Barber detail,Podívej se na pobočku {name}:\n{url},Check out branch {name}:\n{url},Подивись на філію {name}:\n{url},,,
branchShareEmailSubject,Service / Barber detail,Pobočka {name} — Real Barber,Branch {name} — Real Barber,Філія {name} — Real Barber,,,
branchShareSheetTitle,Service / Barber detail,Sdílet pobočku,Share branch,Поділитися філією,,,
branchTeam,Branch detail,Tým,Team,Команда,,,
branchTitle,Branch detail,Pobočka,Branch,Філія,,,
branchUpdateReview,Branch detail,Upravit recenzi,Update review,Редагувати відгук,,,
branchView3d,Branch detail,Prohlédnout pobočku ve 3D,View the branch in 3D,Переглянути філію в 3D,,,
branchVirtualTourTitle,Branch detail,Virtuální prohlídka,Virtual tour,Віртуальна екскурсія,,,
branchWeb,Branch detail,Web,Web,Веб,,,
branchWriteReview,Branch detail,Napsat recenzi,Write review,Написати відгук,,,
branchesGallery,Common,Galerie,Gallery,Галерея,,,
breadcrumbBlog,Home tabs (horizontal scroll under home),Blog,Blog,Блог,,,
breadcrumbNavLabel,Home tabs (horizontal scroll under home),Drobečková navigace,Breadcrumb navigation,Навігаційні стежки,,,
calendarNextWeek,Calendar chips,Příští týden,Next week,Наступний тиждень,,,
calendarThisMonth,Calendar chips,Tento měsíc,This month,Цей місяць,,,
calendarThisWeek,Calendar chips,Tento týden,This week,Цей тиждень,,,
calendarTitle,Calendar,Kalendář,Calendar,Календар,,,
calendarUpcomingBookings,Calendar,Nadcházející rezervace,Upcoming Bookings,Найближче бронювання,,,
cancelReasonChangeOfPlans,Trip detail,Změna plánů,Change of plans,Зміна планів,,,
cancelReasonNoTime,Trip detail,Nestíhám :(,I won't make it :(,Не встигаю :(,,,
cancelReasonOther,Trip detail,Jiný důvod,Other reason,Інша причина,,,
cancelReasonOtherTerm,Trip detail,Mám jiný termín,I have a different time,Маю інший час,,,
changePasswordConfirmNew,Auth,Potvrdit nové heslo,Confirm new password,Підтвердити новий пароль,,,
changePasswordCurrent,Auth,Aktuální heslo,Current password,Поточний пароль,,,
changePasswordErrorFailed,Auth,Změna hesla se nepodařila. Zkontrolujte prosím své aktuální heslo.,Failed to change password. Please check your current password.,Не вдалося змінити пароль. Перевірте поточний пароль.,,,
changePasswordErrorFillAll,Auth,Vyplňte prosím všechna pole.,Please fill in all fields.,"Будь ласка, заповніть усі поля.",,,
changePasswordErrorMinLength,Auth,Nové heslo musí mít alespoň 6 znaků.,New password must be at least 6 characters.,Новий пароль має містити щонайменше 6 символів.,,,
changePasswordErrorMismatch,Auth,Nová hesla se neshodují.,New passwords do not match.,Нові паролі не збігаються.,,,
changePasswordErrorNotLoggedIn,Auth,Musíte být přihlášeni.,You must be logged in.,Потрібно увійти.,,,
changePasswordErrorSameAsCurrent,Auth,Nové heslo musí být jiné než aktuální.,New password must be different from current password.,Новий пароль має відрізнятися від поточного.,,,
changePasswordHintMinLength,Auth,Heslo musí mít alespoň 6 znaků.,Password must be at least 6 characters.,Пароль має містити щонайменше 6 символів.,,,
changePasswordNew,Auth,Nové heslo,New password,Новий пароль,,,
changePasswordPlaceholderConfirm,Auth,Zadejte nové heslo znovu,Enter new password again,Введіть новий пароль ще раз,,,
changePasswordPlaceholderCurrent,Auth,Zadejte aktuální heslo,Enter current password,Введіть поточний пароль,,,
changePasswordPlaceholderNew,Auth,Zadejte nové heslo (min. 6 znaků),Enter new password (min. 6 characters),Введіть новий пароль (мін. 6 символів),,,
changePasswordSuccessTitle,Auth,Heslo změněno,Password changed,Пароль змінено,,,
changePasswordTipLabel,Auth,Tip:,Tip:,Порада:,,,
changePasswordTipText,Auth,"""Použijte silné heslo s písmeny, čísly a speciálními znaky.""","""Use a strong password with letters, numbers and special characters.""","""Використовуйте надійний пароль із літерами, цифрами та спецсимволами.""",,,
changePasswordTitle,Change password,Změnit heslo,Change password,Змінити пароль,,,
chatMessages,Chat,Zprávy,Messages,Повідомлення,,,
chatTitle,Chat,Chat,Chat,Чат,,,
checkoutAddNewCard,Checkout,Přidat novou kartu,Add New Card,Додати нову картку,,,
checkoutApplePay,Checkout,Apple Pay,Apple Pay,Apple Pay,,,
checkoutApplePayDescription,Checkout,Platba přes Apple Pay,Pay using Apple Pay,Оплата через Apple Pay,,,
checkoutChooseMethod,Checkout,Vybrat způsob rezervace,Choose booking method,Оберіть спосіб бронювання,,,
checkoutGooglePay,Checkout,Google Pay,Google Pay,Google Pay,,,
checkoutGooglePayDescription,Checkout,Platba přes Google Pay,Pay using Google Pay,Оплата через Google Pay,,,
checkoutNoSpecialists,Checkout,V této pobočce nejsou žádní specialisté.,No specialists at this branch.,У цій філії немає спеціалістів.,,,
checkoutOrderReview,Checkout,Shrnutí objednávky,Order review,Підсумок бронювання,,,
checkoutOrderReviewSubtitle,Checkout,Zkontrolujte svou objednávku,Review your logo design order,Перевірте своє замовлення,,,
checkoutPayment,Checkout,Platba,Payment,Оплата,,,
checkoutPaymentMethod,Checkout,Platební metoda,Payment method,Спосіб оплати,,,
checkoutPaymentSubtitle,Checkout,Vyberte platební metodu pro vaši objednávku,Choose a payment method for your design service,Оберіть спосіб оплати для вашого замовлення,,,
checkoutProjectDetails,Checkout,Detaily projektu,Project Details,Деталі проєкту,,,
checkoutReview,Checkout,Recenze,Review,Відгук,,,
checkoutSelectMethodSubtitle,Checkout,"""Vyberte, jak chcete rezervovat""",Select how you want to book,"""Оберіть, як хочете бронювати""",,,
checkoutSelectSpecialist,Checkout,Vybrat specialistu,Select specialist,Обрати спеціаліста,,,
checkoutSelectSpecialistSubtitle,Checkout,"""Vyberte barbera, jehož volné časy chcete vidět""",Choose the barber whose available times you want to see,"""Оберіть барбера, чиї вільні слоти хочете бачити""",,,
clipboardCopied,Service / Barber detail,Zkopírováno!,Copied!,Скопійовано!,,,
clipboardCopyAria,Service / Barber detail,Kopírovat,Copy,Копіювати,,,
commonBack,Product detail,Zpět,Back,Назад,,,
commonCancel,Common,Zrušit,Cancel,Скасувати,,,
commonDelete,Common,Smazat,Delete,Видалити,,,
commonEdit,Service / Barber detail,Upravit,Edit,Редагувати,,,
commonError,Common,Chyba,Error,Помилка,,,
commonLoading,Common,Načítání…,Loading…,Завантаження…,,,
commonNo,Common,Ne,No,Ні,,,
commonRecipient,Transfer,Příjemce,Recipient,Отримувач,,,
commonReserve,Service / Barber detail,Rezervovat,Reserve,Забронювати,,,
commonSave,Common,Uložit,Save,Зберегти,,,
commonViewAll,Common,Zobrazit vše,View all,Переглянути все,,,
commonYes,Common,Ano,Yes,Так,,,
communicationChannel_email,Settings,E-mail,Email,E-mail,,,
communicationChannel_phoneCall,Settings,Telefonický hovor,Phone call,Телефонний дзвінок,,,
communicationChannel_pushBasic,Settings,Push notifikace,Push notifications,Push-сповіщення,,,
communicationChannel_pushNotification,Settings,Push notifikace · Doporučujeme ✓,Push notifications · Recommended ✓,Push-сповіщення · Рекомендуємо ✓,,,
communicationChannel_sms,Settings,SMS,SMS,SMS,,,
communicationChannel_telegram,Settings,Telegram,Telegram,Telegram,,,
communicationChannel_whatsApp,Settings,WhatsApp,WhatsApp,WhatsApp,,,
communicationContent_favoriteServicesAndProducts,Settings,Oblíbené služby a produkty,Favorite services and products,Улюблені послуги та продукти,,,
communicationContent_newsAndPromotions,Settings,Novinky a akce,News and promotions,Новини та акції,,,
communicationContent_reviewsAndFeedback,Settings,Recenze a zpětná vazba,Reviews and feedback,Відгуки та зворотний зв’язок,,,
communicationContent_satisfactionSurveys,Settings,Průzkumy spokojenosti,Satisfaction surveys,Опитування задоволеності,,,
communicationSettingsChannelsSection,Settings,Kanály,Channels,Канали,,,
communicationSettingsContentSection,Settings,Typy obsahu,Content types,Типи контенту,,,
communicationSettingsLoadError,Settings,Nepodařilo se načíst nastavení.,Could not load settings.,Не вдалося завантажити налаштування.,,,
communicationSettingsNeedLogin,Settings,Pro úpravu se přihlaste.,Sign in to change preferences.,"Щоб змінити налаштування, увійдіть.",,,
communicationSettingsSaveError,Settings,Uložení se nezdařilo. Zkuste to znovu.,Save failed. Please try again.,Збереження не вдалося. Спробуйте ще раз.,,,
communicationSettingsSubtitle,Settings,,Choose how we can reach you and what you want to hear about.,"Оберіть, як ми можемо з вами зв’язатися і про що хочете отримувати інформацію.",,,
communicationSettingsTitle,Settings,Komunikační preference,Communication preferences,Комунікаційні вподобання,,,
contactsAccessible,Real Barber home screen,Bezbariérový přístup,Step-free access,Безбар’єрний доступ,,,
contactsBranchHoursIntro,Real Barber home screen,Všechny naše pobočky mají stejnou otevírací dobu:,All our branches share the same opening hours:,Усі наші філії мають однаковий графік роботи:,,,
contactsFirstVisitCta,Real Barber home screen,Doporučení k první návštěvě v barbershopu,Tips for your first barbershop visit,Поради для першого візиту в барбершоп,,,
contactsHowToGetTitle,Real Barber home screen,Jak se k nám dostanete?,How to get to us,Як до нас дістатися,,,
contactsJumpNavLabel,Real Barber home screen,Přejít na pobočku,Jump to branch,Перейти до філії,,,
contactsNoteLabel,Real Barber home screen,Poznámka:,Note:,Примітка:,,,
contactsOpenInMaps,Real Barber home screen,Otevřít v Mapách,Open in Maps,Відкрити в Картах,,,
contactsOperatorHoursAlertTitle,Real Barber home screen,Hodiny zákaznické podpory:,Customer support hours:,Години підтримки клієнтів:,,,
contactsOperatorHoursWeekdays,Real Barber home screen,Po–Pá: 08:30–21:30,Mon–Fri: 08:30–21:30,Пн–Пт: 08:30–21:30,,,
contactsOperatorHoursWeekend,Real Barber home screen,So–Ne: 09:30–18:30,Sat–Sun: 09:30–18:30,Сб–Нд: 09:30–18:30,,,
contactsOperatorStatusClosed,Real Barber home screen,Zákaznická podpora je offline,Customer support is offline,Підтримка клієнтів офлайн,,,
contactsOperatorStatusClosingSoon,Real Barber home screen,Zákaznická podpora brzy zavírá,Customer support closing soon,Підтримка клієнтів скоро закривається,,,
contactsOperatorStatusOpen,Real Barber home screen,Zákaznická podpora je online,Customer support is online,Підтримка клієнтів онлайн,,,
contactsOperatorStatusOpeningSoon,Real Barber home screen,Zákaznická podpora brzy otevírá,Customer support opening soon,Підтримка клієнтів скоро відкривається,,,
contactsTitle,Real Barber home screen,Kontakty,Contacts,Контакти,,,
contactsTravelGoogleMaps,Real Barber home screen,Jeďte pohodlně s Google Maps,Go comfortably with Google Maps,Дістаньтеся зручно з Google Maps,,,
contactsTravelUber,Real Barber home screen,Jeďte s Uber,Ride with Uber,Поїхати з Uber,,,
contactsTravelWaze,Real Barber home screen,Jeďte bezpečně s Waze,Drive safely with Waze,Маршрут у Waze,,,
contactsVisitRulesTitle,Real Barber home screen,Pravidla návštěv,Visit rules,Правила візитів,,,
currencyTitle,Currency,Měna,Currency,Валюта,,,
dashboardArrivingSoon,Dashboard,Brzy přijede,Arriving soon,Скоро прибуде,,,
dashboardRecentNotifications,Dashboard,Nedávná upozornění,Recent notifications,Останні сповіщення,,,
dashboardRecentReservations,Dashboard,Nedávné rezervace,Recent reservations,Останні бронювання,,,
dashboardUpcoming,Dashboard,Nadcházející,Upcoming,Найближча,,,
datePickerCancel,Native date picker (iOS modal toolbar),Zrušit,Cancel,Скасувати,,,
datePickerDone,Native date picker (iOS modal toolbar),Hotovo,Done,Готово,,,
datePickerPlaceholder,Native date picker (iOS modal toolbar),Vyberte datum,Select date,Оберіть дату,,,
earningsUpcoming,Earnings,Nadcházející,Upcoming,Найближча,,,
earningsYouveMade,Earnings,Vydělali jste,You've made,Ви заробили,,,
editProfileAddress,Edit profile,Adresa,Address,Адреса,,,
editProfileBirthday,Edit profile,Datum narození,Birthday,Дата народження,,,
editProfileChangePhoto,Edit profile,Změnit fotku,Change photo,Змінити фото,,,
editProfileCity,Edit profile,Město,City,Місто,,,
editProfileContact,Edit profile,Kontakt,Contact,Контакт,,,
editProfileCountry,Edit profile,Země,Country,Країна,,,
editProfileEmail,Edit profile,E-mail,Email,E-mail,,,
editProfileFirstName,Edit profile,Jméno,First name,Ім'я,,,
editProfileLastName,Edit profile,Příjmení,Last name,Прізвище,,,
editProfileLoading,Edit profile,Načítání profilu…,Loading profile…,Завантажую профіль…,,,
editProfilePersonalInfo,Edit profile,Osobní údaje,Personal information,Особисті дані,,,
editProfilePhone,Edit profile,Telefon,Phone,Телефон,,,
editProfilePhoneNumber,Edit profile,Telefonní číslo,Phone number,Номер телефону,,,
editProfilePhoto,Edit profile,Fotka,Photo,Фото,,,
editProfilePhotoSourceCamera,Edit profile,Vyfotit,Take photo,Зробити фото,,,
editProfilePhotoSourceLibrary,Edit profile,Vybrat z galerie,Choose from library,Вибрати з галереї,,,
editProfilePhotoSourceTitle,Edit profile,Vyberte zdroj fotky,Choose a photo source,Оберіть джерело фото,,,
editProfileRemovePhoto,Edit profile,Odstranit fotku,Remove photo,Видалити фото,,,
editProfileSaveChanges,Edit profile,Uložit změny,Save changes,Зберегти зміни,,,
editProfileSendSms,Edit profile,Odeslat SMS žádost,Send SMS request,Надіслати SMS-запит,,,
editProfileStreet,Edit profile,Ulice,Street,Вулиця,,,
editProfileSubtitle,Edit profile,Správa nastavení účtu,Manage your account settings,Керування налаштуваннями акаунта,,,
editProfileTitle,Edit profile,Nastavení profilu,Profile Settings,Налаштування профілю,,,
editProfileUploadPhoto,Edit profile,Nahrát fotku,Upload photo,Завантажити фото,,,
editProfileWhatsApp,Edit profile,WhatsApp žádost,WhatsApp request,Запит у WhatsApp,,,
editProfileZip,Edit profile,PSČ,ZIP,Індекс,,,
experienceAllBarbers,Experience,Všichni barbeři,All barbers,Усі барбери,,,
experienceBestRated,Experience,Nejlépe hodnocení barbeři,Best rated barbers,Найкраще оцінені барбери,,,
experienceMyFavorites,Experience,Moji oblíbení barbeři,My favorite barbers,Мої улюблені барбери,,,
experienceNewBarbers,Experience,Noví barbeři,New barbers,Нові барбери,,,
experienceNewBarbersBadge,Experience,Nový,New,Новий,,,
experienceNewBarbersDesc,Experience,,Barbers who have recently joined and are ready to take care of you.,"Барбери, які нещодавно приєдналися і готові подбати про вас.",,,
experiencePopularToday,Experience,Dnes dostupní oblíbení barbeři,Popular barbers available today,"Популярні барбери, доступні сьогодні",,,
experienceSchedule,Experience,Rozvrh,Schedule,Розклад,,,
favoritesBadgeBarber,Favorites tab,Holič,Barber,Барбер,,,
favoritesBadgeBranch,Favorites tab,Pobočka,Branch,Філія,,,
favoritesBadgeGuide,Favorites tab,Průvodce,Guide,Гід,,,
favoritesBadgeProduct,Favorites tab,Produkt,Product,Продукт,,,
favoritesBadgePromotion,Favorites tab,Akce,Promotion,Акція,,,
favoritesBadgeService,Favorites tab,Služba,Service,Послуга,,,
favoritesBranches,Favorites tab,Pobočky,Branches,Філії,,,
favoritesBrowseSubtitle,Favorites tab,"""Prohlížejte pobočky, holiče a služby a ukládejte si oblíbené""","""Browse branches, barbers and services and save your favorites""","""Переглядайте філії, барберів і послуги та зберігайте улюблене""",,,
favoritesEmployees,Favorites tab,Holiči,Barbers,Барбери,,,
favoritesFilterAll,Favorites tab,Vše,All,Усе,,,
favoritesFilterEmpty,Favorites tab,V tomto filtru nemáte oblíbené,No favorites in this filter,У цьому фільтрі немає улюблених,,,
favoritesNoFavoritesYet,Favorites tab,Zatím nemáte oblíbené,No favorites yet,Поки немає улюблених,,,
favoritesServices,Favorites tab,Služby,Services,Послуги,,,
favoritesShare,Favorites,Sdílet,Share,Поділитися,,,
favoritesSheetContinueBrowsing,Favorites tab,Pokračovat v prohlížení,Continue Browsing,Продовжити перегляд,,,
favoritesSheetMessageAdded,Favorites tab,bylo přidáno do vašich oblíbených.,has been added to your favourites.,додано до ваших обраних.,,,
favoritesSheetMessageRemoved,Favorites tab,bylo odebráno z vašich oblíbených.,has been removed from your favourites.,видалено з ваших обраних.,,,
favoritesSheetTitleAdded,Favorites tab,Přidáno do oblíbených,Added to Favourites,Додано до обраних,,,
favoritesSheetTitleRemoved,Favorites tab,Odebráno z oblíbených,Removed from Favourites,Видалено з обраних,,,
favoritesSheetViewFavourites,Favorites tab,Zobrazit oblíbené,View Favourites,Переглянути обрані,,,
favoritesShowMap,Favorites,Zobrazit mapu,Show map,Показати на карті,,,
favoritesTabTitle,Favorites tab,Oblíbené,Favorites,Улюблені,,,
favoritesTitle,Favorites,Oblíbené,Favorite List,Улюблені,,,
filtersAdditionalOptions,Filters,Další možnosti,Additional Options,Додаткові опції,,,
filtersAirCompressors,Filters (extra),Kompresory,Air compressors,Компресори,,,
filtersAirConditioning,Filters (extra),Klimatizace,Air conditioning,Кондиціонер,,,
filtersAmenities,Filters,Vybavení,Amenities,Зручності,,,
filtersAmenitiesLayout,Filters,Vybavení a uspořádání,Amenities and layout,Обладнання та планування,,,
filtersApply,Filters,Použít filtry,Apply Filters,Застосувати фільтри,,,
filtersAtLeast,Filters,Alespoň,At least,Щонайменше,,,
filtersBranchSize,Filters,Velikost pobočky (m²),Branch size (m²),Площа філії (м²),,,
filtersCardPayment,Filters,Platba kartou,Card payment,Оплата карткою,,,
filtersCoffeeMachine,Filters,Kávovar,Coffee machine,Кавоварка,,,
filtersElectricallyAdjustableChairs,Filters (extra),Elektricky nastavitelné křesla,Electrically adjustable chairs,Електрично регульовані крісла,,,
filtersNumberChairs,Filters,Počet křesel,Number of chairs,Кількість крісел,,,
filtersNumberWashBasins,Filters,Počet umyvadel,Number of wash basins,Кількість умивальників,,,
filtersParking,Filters (extra),Parkoviště,Parking,Парковка,,,
filtersSelfServiceCheckout,Filters (extra),Samoobslužná pokladna,Self-service checkout,Каса самообслуговування,,,
filtersTitle,Filters,Filtry,Filters,Фільтри,,,
filtersWheelchairAccessible,Filters,Bezbariérový přístup,Wheelchair accessible,Безбар’єрний доступ,,,
filtersWifi,Filters (extra),Wifi,Wifi,Wifi,,,
filtersWithin100mBus,Filters (extra),Do 100 m od autobusu,Within 100m of bus stop,До 100 м від автобуса,,,
filtersWithin100mMetro,Filters (extra),Do 100 m od metra,Within 100m of metro,До 100 м від метро,,,
filtersWithin100mTram,Filters (extra),Do 100 m od tramvaje,Within 100m of tram stop,До 100 м від трамвая,,,
forgotPasswordBackToLogin,Auth,Zpět na přihlášení,Back to login,Назад до входу,,,
forgotPasswordEmail,Auth,E-mail,Email,E-mail,,,
forgotPasswordSendRequest,Auth,Odeslat žádost,Send request,Надіслати запит,,,
guideMyHaircutsGotIt,"""Guide ""What's My style for""""",Rozumím,Got it,Зрозуміло,,,
guideMyHaircutsNext,"""Guide ""What's My style for""""",Další,Next,Інше,,,
guidesLoading,Guides,Načítání průvodců…,Loading guides…,Завантаження гідів…,,,
guidesNoGuides,Guides,Zatím žádní průvodci.,No guides yet.,Поки немає гідів.,,,
haircutAdd,Haircut,Přidat střih,Add haircut,Додати стрижку,,,
haircutBarber,Haircut form,Holič,Barber,Барбер,,,
haircutCreateAddPhoto,Add property steps & texts,Přidat fotku,Add photo,Додати фото,,,
haircutCreateAddPhotos,Add property steps & texts,Přidat fotky účesu,Add haircut photos,Додати фото зачіски,,,
haircutCreateAmenityCameBack,Add property – features/amenities (step 4),Vrátil jsem se k němu,Came back to it,Повернувся до неї,,,
haircutCreateAmenityLongLasting,Add property – features/amenities (step 4),Dlouho vydrží,Long lasting,Довго тримається,,,
haircutCreateAmenityLowMaintenance,Add property – features/amenities (step 4),Nízká údržba,Low maintenance,Низький догляд,,,
haircutCreateAmenityMyFavourite,Add property – features/amenities (step 4),Můj oblíbený účes,My favourite haircut,Моя улюблена зачіска,,,
haircutCreateAmenityNoDryHair,Add property – features/amenities (step 4),Nemusím sušit vlasy,Don't need to dry hair,Не треба сушити волосся,,,
haircutCreateAmenityPeopleCompliment,Add property – features/amenities (step 4),"""Účes, za který se chválí""",Haircut people compliment most,"""Зачіска, за яку хвалять""",,,
haircutCreateAmenityRecommendedByBarber,Add property – features/amenities (step 4),Doporučil holič,Recommended by barber,Рекомендував барбер,,,
haircutCreateAmenityRequiresStyling,Add property – features/amenities (step 4),Vyžaduje styling,Requires styling,Потребує укладки,,,
haircutCreateAmenitySomethingNew,Add property – features/amenities (step 4),Zkouším něco nového,Trying something new,Пробую щось нове,,,
haircutCreateAmenityStyling,Add property – features/amenities (step 4),Styling,Styling,Styling,,,
haircutCreateAmenityWantToTry,Add property – features/amenities (step 4),Chci vyzkoušet,Want to try,Хочу спробувати,,,
haircutCreateAmenityWithBeard,Add property – features/amenities (step 4),Sluší s vousy,Looks good with beard,Пасує з бородою,,,
haircutCreateAtLeastOnePhoto,Add property steps & texts,Aspoň jedna fotka pomůže. Další můžete doplnit později.,At least one photo helps. You can add more or edit later.,Хоча б одне фото допоможе. Інші можна додати пізніше.,,,
haircutCreateBasicDetails,Add property steps & texts,Základní údaje o účesu,Basic haircut details,Основні дані про зачіску,,,
haircutCreateChooseOption,Add property steps & texts,"""Vyberte možnost, která vám nejvíc sedí""",Choose the option that fits you best,"""Оберіть варіант, який вам найбільше підходить""",,,
haircutCreateChooseSeason,Add property steps & texts,"""Vyberte, kdy tento účes nosíte nejvíc""",Choose when you wear this haircut most,"""Оберіть, коли цю зачіску носите найбільше""",,,
haircutCreateCongratulations,Add property steps & texts,Gratulujeme!,Congratulations!,Вітаємо!,,,
haircutCreateCutSaveFailed,Add property steps & texts,Účes se nepodařilo uložit. Zkuste to prosím znovu.,Could not save your haircut. Please try again.,Не вдалося зберегти зачіску. Спробуйте ще раз.,,,
haircutCreateDescription,Add property / haircut,Popis,Description,Опис,,,
haircutCreateDifficulty,Add property / haircut,Obtížnost,Difficulty,Складність,,,
haircutCreateEasyTitle,Add property steps & texts,Přidat účes je snadné,It's easy to add your haircut,Додати зачіску легко,,,
haircutCreateFillLengths,Add property steps & texts,Vyplňte délky a jak často chodíte na úpravu,Fill in lengths and how often to refresh the cut,Вкажіть довжини та як часто ходите на підправку,,,
haircutCreateForWhichSeason,Add property steps & texts,Pro jaké období?,For which season?,Для якої пори року?,,,
haircutCreateHowDemanding,Add property steps & texts,Jak náročný je účes na styling a kdo vám ho dělal?,How demanding is the haircut to style and who did it for you?,Наскільки складна зачіска в укладці і хто її робив?,,,
haircutCreateHowOftenTrim,Add property steps & texts,Jak často na úpravu?,How often to trim?,Як часто на підправку?,,,
haircutCreateLengthAtEars,Add property steps & texts,Délka u uší,Length at ears,Довжина біля вух,,,
haircutCreateLengthCm,Add property steps & texts,Délka v cm,Length in cm,Довжина в см,,,
haircutCreateLengthOnTop,Add property steps & texts,Délka nahoře,Length on top,Довжина зверху,,,
haircutCreateLetsGo,Add property steps & texts,Jdeme na to,Let's go,Поїхали,,,
haircutCreateLoginRequired,Add property steps & texts,Pro uložení účesu se prosím přihlaste.,Log in to save your haircut.,"Щоб зберегти зачіску, увійдіть.",,,
haircutCreateNowName,Add property steps & texts,Pojmenujte svůj účes,Now name your haircut,Назвіть свою зачіску,,,
haircutCreateSeasonAllYear,Add property – seasons (step 2),Celoroční,All-year,Цілорічна,,,
haircutCreateSeasonAllYearDesc,Add property – seasons (step 2),Nosíte ho pořád.,You wear it all the time.,Носите її завжди.,,,
haircutCreateSeasonSummer,Add property – seasons (step 2),Letní,Summer,Літня,,,
haircutCreateSeasonSummerDesc,Add property – seasons (step 2),Účes pro teplé měsíce.,Haircut for warm months.,Зачіска для теплої пори.,,,
haircutCreateSeasonWinter,Add property – seasons (step 2),Zimní,Winter,Зимова,,,
haircutCreateSeasonWinterDesc,Add property – seasons (step 2),Účes pro chladné počasí.,Haircut for cold weather.,Зачіска для холодної погоди.,,,
haircutCreateSelectBarber,Add property / haircut,"""Vyberte, kdo vám stříhal""",Select who did your haircut,"""Оберіть, хто вас стриг""",,,
haircutCreateShortName,Add property steps & texts,Stačí krátký název. Můžete ho kdykoli změnit.,A short name is enough. You can change it anytime.,Достатньо короткої назви. Можна змінити будь-коли.,,,
haircutCreateStep1Desc,Add property steps & texts,Vymyslete název a vytvořte.,Come up with a name and create.,Придумайте назву і створіть.,,,
haircutCreateStep1Title,Add property steps & texts,Vytvořte si účes,Create your haircut,Створіть свою зачіску,,,
haircutCreateStep2Desc,Add property steps & texts,"""Přidejte fotky, popis, preference—přesně jak to chcete vy.""","""Add photos, description, your preferences—exactly how YOU want it.""","""Додайте фото, опис, уподобання — саме так, як хочете ви.""",,,
haircutCreateStep2Title,Add property steps & texts,Nastavte pravidla pro váš účes,Set the rules for your haircut,Налаштуйте правила для зачіски,,,
haircutCreateStep3Desc,Add property steps & texts,Získejte vysněný střih a nemusíte nikomu nic vysvětlovat.,Get your dream fresh cut and don't explain a thing to anyone.,Отримайте бажану стрижку і нічого нікому не пояснюйте.,,,
haircutCreateStep3Title,Add property steps & texts,Dokončete a uložte,Finish and save,Завершіть і збережіть,,,
haircutCreateStepBasics,Add property steps & texts,Základní údaje,Basics,Основні дані,,,
haircutCreateStepFeatures,Add property steps & texts,Vlastnosti,Features,Властивості,,,
haircutCreateStepHaircutType,Add property steps & texts,Typ účesu,Haircut type,Тип зачіски,,,
haircutCreateStepPhotos,Add property steps & texts,Fotky,Photos,Фото,,,
haircutCreateStepSeason,Add property steps & texts,Období,Season,Пора року,,,
haircutCreateStepStyling,Add property steps & texts,Styling a holič,Styling & stylist,Укладка і барбер,,,
haircutCreateStepSuccess,Add property steps & texts,Hotovo,Success,Готово,,,
haircutCreateStepTitleDesc,Add property steps & texts,Název a popis,Title & Description,Назва та опис,,,
haircutCreateStylingDifficulty,Add property steps & texts,Náročnost stylingu a holič,Styling difficulty and stylist,Складність укладки і барбер,,,
haircutCreateSuccessMessage,Add property steps & texts,"""Už jen krůček, klikni na Dokončit a prohlédni si svůj účes.""",Just one more step — tap Complete and take a look at your haircut.,"""Ще один крок — натисніть Завершити і перегляньте зачіску.""",,,
haircutCreateTakePhoto,Add property steps & texts,Vyfotit,Take photo,Зробити фото,,,
haircutCreateTitle,Add property / haircut,Název,Title,Назва,,,
haircutCreateTitleQuickIdeas,Add property steps & texts,Tipy — klepnutím doplníte název,Quick ideas — tap to fill the name,"Ідеї — торкніться, щоб підставити назву",,,
haircutCreateTitleSuggestAntiGravity,Add property steps & texts,Antigravitační pokus,Anti-gravity experiment,Антигравітаційний експеримент,,,
haircutCreateTitleSuggestBrainBurst,Add property steps & texts,Mozkový výboj 3000,Brain blast 3000,Мозковий розряд 3000,,,
haircutCreateTitleSuggestChaosChic,Add property steps & texts,Chaos chic,Chaos chic,Chaos chic,,,
haircutCreateTitleSuggestCtrlVFade,Add property steps & texts,Ctrl+C Ctrl+V fade,Ctrl+C Ctrl+V fade,Ctrl+C Ctrl+V fade,,,
haircutCreateTitleSuggestExperimentWrong,Add property steps & texts,Experiment gone wrong,Experiment gone wrong,Experiment gone wrong,,,
haircutCreateTitleSuggestExplosionMess,Add property steps & texts,Rozcuch po výbuchu,Messy after the blast,Кошлатість після вибуху,,,
haircutCreateTitleSuggestFiveMinRush,Add property steps & texts,Rychlovka na 5 minut,Five-minute rush job,Швидка на 5 хвилин,,,
haircutCreateTitleSuggestForestHermit,Add property steps & texts,Lesní poustevník,Forest hermit,Лісовий пустельник,,,
haircutCreateTitleSuggestGandalfUnfinished,Add property steps & texts,Nedokončený Gandalf (👀),Unfinished Gandalf (👀),Незавершений Ґандальф (👀),,,
haircutCreateTitleSuggestHedgehogTemu,Add property steps & texts,Na ježka z Temu,Temu hedgehog chic,Їжачок з Temu,,,
haircutCreateTitleSuggestLostComb,Add property steps & texts,Ztracený hřeben,Lost comb,Загублений гребінець,,,
haircutCreateTitleSuggestMorningPanic,Add property steps & texts,Ranní panika deluxe,Morning panic deluxe,Ранкова паніка deluxe,,,
haircutCreateTitleSuggestNaturalDisaster,Add property steps & texts,Přírodní katastrofa,Natural disaster,Стихійне лихо,,,
haircutCreateTitleSuggestNoIdeaHolds,Add property steps & texts,"""Nevím, co dělám, ale drží to""",No idea what I'm doing but it holds,"""Не знаю, що роблю, але тримається""",,,
haircutCreateTitleSuggestStaticElegance,Add property steps & texts,Statická elegance,Static elegance,Статична елегантність,,,
haircutCreateTitleSuggestStrongerWind,Add property steps & texts,Vítr byl silnější,The wind was stronger,Вітер був сильніший,,,
haircutCreateTitleSuggestVikingParty,Add property steps & texts,Viking po flámu,Viking after the party,Вікінг після гулянки,,,
haircutCreateTypeCasual,Add property – haircut types (step 1),Casual,Casual,Casual,,,
haircutCreateTypeLonger,Add property – haircut types (step 1),Delší,Longer,Довша,,,
haircutCreateTypeMediumLength,Add property – haircut types (step 1),Střední délka,Medium length,Середня довжина,,,
haircutCreateTypeModern,Add property – haircut types (step 1),Moderní,Modern,Сучасна,,,
haircutCreateTypeOffice,Add property – haircut types (step 1),Do kanceláře,Office,В офіс,,,
haircutCreateTypeRetro,Add property – haircut types (step 1),Retro,Retro,Retro,,,
haircutCreateTypeShorter,Add property – haircut types (step 1),Kratší,Shorter,Коротша,,,
haircutCreateTypeSporty,Add property – haircut types (step 1),Sportovní,Sporty,Спортивна,,,
haircutCreateWeeksToComeIn,Add property steps & texts,Každých kolik týdnů přijít,Every how many weeks to come in,Кожні скільки тижнів приходити,,,
haircutCreateWeeksUnit,Add property steps & texts,týdnů,weeks,тижнів,,,
haircutCreateWhatDescribes,Add property steps & texts,Co nejlépe vystihuje váš účes?,What best describes your haircut?,Що найкраще описує вашу зачіску?,,,
haircutCreateWhatGoesWith,Add property steps & texts,Co k účesu patří?,What goes with this haircut?,Що входить до зачіски?,,,
haircutDetailCreatedAtPrefix,Trip detail / Booking detail,Datum vytvoření účesu,Haircut created,Дата створення зачіски,,,
haircutDetailCreatedDateLabel,Trip detail / Booking detail,Datum,Date,Дата,,,
haircutDetailCreatedTimeLabel,Trip detail / Booking detail,Čas,Time,Час,,,
haircutDetailCreatedWith,Trip detail / Booking detail,Účes jsme vytvořili s,We created this haircut with,Зачіску створено з,,,
haircutDetailNoteTitle,Trip detail / Booking detail,Podrobnosti účesu,Haircut details,Деталі зачіски,,,
haircutDetailPhotoUploadFailed,Trip detail / Booking detail,Fotku se nepodařilo nahrát. Zkuste to znovu.,Could not upload the photo. Please try again.,Не вдалося завантажити фото. Спробуйте ще раз.,,,
haircutDetailPhotosEmpty,Trip detail / Booking detail,Žádné fotky u tohoto účesu.,No photos for this haircut yet.,Немає фото для цієї зачіски.,,,
haircutDetailPhotosSection,Trip detail / Booking detail,Obrázky účesu,Haircut photos,Зображення зачіски,,,
haircutName,Haircut form,Název,Name,Ім’я,,,
haircutNameLabel,Haircut form,Název účesu,Haircut name,Назва зачіски,,,
haircutNote,Haircut form,Poznámka,Note,Примітка,,,
haircutNoteSectionDescription,Trip detail / Booking detail,Popis,Description,Опис,,,
haircutNoteSectionDifficulty,Trip detail / Booking detail,Náročnost,Difficulty,Складність,,,
haircutNoteSectionFeatures,Trip detail / Booking detail,Vlastnosti,Features,Властивості,,,
haircutNoteSectionMeasurements,Trip detail / Booking detail,Délky a péče,Lengths and care,Довжини та догляд,,,
haircutNoteSectionOther,Trip detail / Booking detail,Další,Other,Інше,,,
haircutNoteSectionOverview,Trip detail / Booking detail,Typ a období,Type and season,Тип і сезон,,,
haircutPhotos,Haircut,Fotky,Photos,Фото,,,
haircutStatsAvgInterval,Visit frequency stats,Průměrný interval,Average interval,Середній інтервал,,,
haircutStatsBookCta,Visit frequency stats,Objednat nový termín,Book a new appointment,Забронювати новий час,,,
haircutStatsDaysCount,Visit frequency stats,{count} dní,{count} days,{count} днів,,,
haircutStatsLink,Visit frequency stats,Statistiky návštěv,Visit statistics,Статистика візитів,,,
haircutStatsLongestPause,Visit frequency stats,Nejdelší pauza,Longest gap,Найдовша пауза,,,
haircutStatsNextVisit,Visit frequency stats,Další návštěva,Next visit,Наступний візит,,,
haircutStatsRecommendedIn,Visit frequency stats,Za {count} dní,In {count} days,Через {count} днів,,,
haircutStatsRecommendedNow,Visit frequency stats,Nyní,Now,Зараз,,,
haircutStatsStatusApproaching,Visit frequency stats,Blíží se čas na stříhání,Time is approaching,Наближається час стрижки,,,
haircutStatsStatusOk,Visit frequency stats,Vše v pořádku,All good,Усе гаразд,,,
haircutStatsStatusOverdue,Visit frequency stats,Je čas se objednat,Time to book,Час записатися,,,
haircutStatsSubtitle,Visit frequency stats,Jak často se chodíte stříhat,How often you get a haircut,Як часто ви стрижетесь,,,
haircutStatsTimeline,Visit frequency stats,Historie návštěv,Visit history,Історія візитів,,,
haircutStatsTimelineGap,Visit frequency stats,{count} dní,{count} days,{count} днів,,,
haircutStatsTitle,Visit frequency stats,Statistiky,Statistics,Статистика,,,
haircutTitle,Haircut,Střih,Haircut,Стрижка,,,
helpContactEmailType,Help,Podpora e-mailem,Email support,Підтримка ел. поштою,,,
helpContactEmailValue,Help,info@realbarber.cz,info@realbarber.cz,info@realbarber.cz,,,
helpContactHoursType,Help,Hodiny podpory,Support hours,Години підтримки,,,
helpContactHoursValue,Help,"""Po–Pá 8:30–21:30, So–Ne 9:30–18:30""","""Mon–Fri 8:30–21:30, Sat–Sun 9:30–18:30""","Пн–Пт 8:30–21:30, Сб–Нд 9:30–18:30",,,
helpContactPhoneType,Help,Živá podpora,Live support,Жива підтримка,,,
helpContactPhoneValue,Help,+420 608 332 881,+420 608 332 881,+420 608 332 881,,,
helpContactSubtitle,Help,"""Jsme tu kvůli rezervacím, pobočkám, barberům a čemukoli v aplikaci""","""We're here for reservations, branches, barbers, and anything in the app""","Ми тут для бронювань, філій, барберів і всього в застосунку",,,
helpContactSupport,Help,Kontaktovat podporu,Contact Support,Зв’язатися з підтримкою,,,
helpContactUs,Help,Kontaktujte nás,Contact Us,Звʼяжіться з нами,,,
helpFaq,Help,Časté dotazy,Frequently Asked Questions,Часті запитання,,,
helpFaq10Q,Help,Kde změním oznámení nebo jazyk?,Where do I change notifications or language?,Де змінити сповіщення або мову?,,,
helpFaq1Q,Help,Jak si rezervuji návštěvu u barbera?,How do I book an appointment?,Як забронювати візит до барбера?,,,
helpFaq2Q,Help,Mohu změnit nebo zrušit rezervaci?,Can I change or cancel a booking?,Чи можу змінити або скасувати бронювання?,,,
helpFaq3Q,Help,Proč mě aplikace žádá o přihlášení?,Why does the app ask me to sign in?,Чому застосунок просить увійти?,,,
helpFaq4Q,Help,Jak fungují oblíbené?,How do favorites work?,Як працюють улюблені?,,,
helpFaq5Q,Help,Mohu si produkt z katalogu koupit přímo v aplikaci?,Can I buy a product from the catalogue in the app?,Чи можу купити товар з каталогу прямо в застосунку?,,,
helpFaq6Q,Help,Co je sekce „Můj styl“?,What is “My style”?,Що таке розділ «Мій стиль»?,,,
helpFaq7Q,Help,Kde najdu pobočku na mapě?,Where do I find branches on the map?,Де знайти філію на карті?,,,
helpFaq8Q,Help,Co znamená „Kudy k nám“?,What does “How to get to us” mean?,Що означає «Як до нас дістатися»?,,,
helpFaq9Q,Help,Jak napíšu recenzi na pobočku nebo barbera?,How do I leave a review for a branch or barber?,Як залишити відгук про філію або барбера?,,,
helpTitle,Help,Nápověda a podpora,Help & Support,Допомога та підтримка,,,
homeBarbers,Real Barber home screen,Barbeři,Barbers,Барбери,,,
homeBarbersSubtitle,Real Barber home screen,Najdi svého,Find yours,Знайди свого,,,
homeBookings,Real Barber home screen,Rezervace,Bookings,Бронювання,,,
homeBookingsSubtitle,Real Barber home screen,Všechny mé rezervace,All my bookings,Усі мої бронювання,,,
homeBranches,Real Barber home screen,Pobočky,Branches,Філії,,,
homeBranchesSubtitle,Real Barber home screen,Vyber místo,Choose a location,Оберіть відділення,,,
homeContinueSearchBarbershops,Common,Najít pobočku na mapě,Find a branch on the map,Знайти філію на карті,,,
homeCouponCopyCode,Real Barber home screen,Zkopírovat kód,Copy code,Скопіювати код,,,
homeCouponDescriptionLabel,Real Barber home screen,Popis,Description,Опис,,,
homeCouponDetailBenefitLabel,Real Barber home screen,Výhoda,Benefit,Перевага,,,
homeCouponDetailNotFound,Real Barber home screen,Tato nabídka už není k dispozici.,This offer is no longer available.,Ця пропозиція вже недоступна.,,,
homeCouponDetailScopeLabel,Real Barber home screen,Kde platí,Where it applies,Де діє,,,
homeCouponLimitedScope,Real Barber home screen,"""Pouze u vybraných poboček, služeb nebo holičů""","""Limited to selected branches, services or staff""","Лише для вибраних філій, послуг або барберів",,,
homeCouponSheetCodeLabel,Real Barber home screen,Kód kupónu,Coupon code,Код купона,,,
homeCouponValidityLabel,Real Barber home screen,Platnost,Validity,Термін дії,,,
homeCouponValidityPillFrom,Real Barber home screen,Od,From,від,,,
homeCouponValidityPillUntil,Real Barber home screen,Do,Until,До,,,
homeCreateBooking,Real Barber home screen,Objednat se,Book now,Записатися,,,
homeCreateBookingSubtitle,Real Barber home screen,Vyber službu a čas,Choose a service and time,Оберіть послугу та час,,,
homeHaircuts,Real Barber home screen,Účesy,Hairstyles,Зачіски,,,
homePromoBadgeCoupon,Real Barber home screen,Kupón,Coupon,Купон,,,
homePromoSectionTitle,Real Barber home screen,Tipy a nabídky,Tips & offers,Поради та пропозиції,,,
homeRecentDefaultName,Real Barber home screen,Rezervace,Booking,Бронювання,,,
homeRecentEmpty,Real Barber home screen,Zatím nemáte žádné rezervace.,No bookings yet.,Поки немає бронювань.,,,
homeRecentLoading,Real Barber home screen,Načítám…,Loading…,Завантажую…,,,
homeRecentTitle,Real Barber home screen,Nedávné,Recent,Нещодавні,,,
homeRepeatBookingTitle,Real Barber home screen,Zopakovat minulou rezervaci,Repeat last booking,Повторити минуле бронювання,,,
homeSpotlightCurrent,Real Barber home screen,Právě probíhá,In progress,Зараз триває,,,
homeSpotlightOngoing,Real Barber home screen,Právě probíhá,In progress,Зараз триває,,,
homeSpotlightReview,Real Barber home screen,Jak jste byli spokojeni?,How was your experience?,Як вам сподобалося?,,,
homeSpotlightReviewRated,Real Barber home screen,Ohodnotili jste,You rated,Ви вже оцінили,,,
homeSpotlightSoon,Real Barber home screen,Brzy začíná rezervace,Upcoming booking,Скоро почнеться бронювання,,,
homeSpotlightToday,Real Barber home screen,Dnes máte rezervaci,You have a booking today,Сьогодні у вас бронювання,,,
homeSpotlightUpcoming,Real Barber home screen,Nadcházející rezervace,Upcoming booking,Найближче бронювання,,,
homeTodayTeamEmpty,Real Barber home screen,Dnes nemá nikdo směnu.,No barbers on shift today.,Сьогодні ніхто не на зміні.,,,
homeTodayTeamLoadError,Real Barber home screen,Nepodařilo se načíst dostupnost.,Could not load availability.,Не вдалося завантажити доступність.,,,
homeTodayTeamLoading,Real Barber home screen,Načítám…,Loading…,Завантажую…,,,
homeTodayTeamMoreSlots,Real Barber home screen,Další,More,Інше,,,
homeTodayTeamNearestSlotsOnDate,Real Barber home screen,Nejbližší termíny {when},Nearest slots {when},Найближчі слоти {when},,,
homeTodayTeamNotAvailableToday,Real Barber home screen,Dnes už není dostupný,Not available today,Сьогодні вже недоступний,,,
homeTodayTeamOpenFullTeam,Real Barber home screen,Otevřít celý tým,Open full team,Відкрити всю команду,,,
homeTodayTeamShiftEnded,Real Barber home screen,Dnes už jsem skončil/a,Finished for today,Сьогодні вже закінчив/ла,,,
homeTodayTeamShiftEndingSoon,Real Barber home screen,Brzy končí - {branch},Ending soon - {branch},Скоро закінчує - {branch},,,
homeTodayTeamShiftEndsAt,Real Barber home screen,Končí v {time} - {branch},Ends at {time} - {branch},Закінчує о {time} - {branch},,,
homeTodayTeamShiftInterval,Real Barber home screen,{start} - {end} - {branch},{start} - {end} - {branch},{start} - {end} - {branch},,,
homeTodayTeamShiftStartsAt,Real Barber home screen,Začíná ve {time} - {branch},Starts at {time} - {branch},Починає о {time} - {branch},,,
homeTodayTeamShiftStartsSoon,Real Barber home screen,Začíná za chvíli - {branch},Starting soon - {branch},Починає незабаром - {branch},,,
homeTodayTeamShiftWorking,Real Barber home screen,Právě pracuje - {branch},Working now - {branch},Працює зараз - {branch},,,
homeTodayTeamTitle,Real Barber home screen,Dnes k dispozici,Available today,Сьогодні доступні,,,
homeTodayTeamWaitlistAlternateContactRequired,Real Barber home screen,Vyplňte telefon nebo e-mail.,Enter a phone number or email.,Вкажіть телефон або e-mail.,,,
homeTodayTeamWaitlistAlternateEmailLabel,Real Barber home screen,E-mail,Email,E-mail,,,
homeTodayTeamWaitlistAlternatePhoneLabel,Real Barber home screen,Telefon,Phone,Телефон,,,
homeTodayTeamWaitlistClose,Real Barber home screen,Zavřít,Close,Закрити,,,
homeTodayTeamWaitlistError,Real Barber home screen,Nepodařilo se zapsat na čekací listinu. Zkuste to znovu.,Could not join the waitlist. Please try again.,Не вдалося записатися в лист очікування. Спробуйте ще раз.,,,
homeTodayTeamWaitlistHint,Real Barber home screen,"""Pokud se něco uvolní, ozveme se.""","""If a spot opens, we'll reach out.""","Якщо звільниться місце, ми зв’яжемося.",,,
homeTodayTeamWaitlistInvalidPayload,Real Barber home screen,Zkontrolujte e-mail a zkuste to znovu.,Check your email and try again.,Перевірте ел. пошту та спробуйте ще раз.,,,
homeTodayTeamWaitlistJoin,Real Barber home screen,Zapsat se,Sign up,Записатися,,,
homeTodayTeamWaitlistJoined,Real Barber home screen,Jste na čekací listině,You're on the waitlist,Ви в черзі,,,
homeTodayTeamWaitlistNeedLogin,Real Barber home screen,Pro zápis se přihlaste.,Sign in to join the waitlist.,"Щоб записатися, увійдіть.",,,
homeTodayTeamWaitlistPreferredEmail,Real Barber home screen,E-mail,Email,E-mail,,,
homeTodayTeamWaitlistPreferredEmailPlaceholder,Real Barber home screen,vas@email.cz,you@email.com,vas@email.com,,,
homeTodayTeamWaitlistPreferredPhone,Real Barber home screen,Telefon,Phone,Телефон,,,
homeTodayTeamWaitlistPreferredPickerTitle,Real Barber home screen,Jak vás máme kontaktovat?,How should we contact you?,Як з вами зв'язатися?,,,
homeTodayTeamWaitlistPreferredSection,Real Barber home screen,Jak vás máme kontaktovat?,How should we contact you?,Як з вами зв'язатися?,,,
homeTodayTeamWaitlistPreferredSms,Real Barber home screen,SMS,SMS,SMS,,,
homeTodayTeamWaitlistPreferredTelegram,Real Barber home screen,Telegram,Telegram,Telegram,,,
homeTodayTeamWaitlistPreferredWhatsapp,Real Barber home screen,WhatsApp,WhatsApp,WhatsApp,,,
homeTodayTeamWaitlistRateLimited,Real Barber home screen,Příliš mnoho pokusů. Zkuste to za chvíli.,Too many attempts. Please try again in a moment.,Забагато спроб. Спробуйте трохи пізніше.,,,
homeTodayTeamWaitlistSheetTitle,Real Barber home screen,Čekací listina,Waitlist,Черга очікування,,,
homeTodayTeamWaitlistSubmit,Real Barber home screen,Zapsat se,Sign up,Записатися,,,
homeTodayTeamWaitlistSubmitting,Real Barber home screen,Odesílám…,Sending…,Надсилаємо…,,,
homeTodayTeamWaitlistSuccessTitle,Real Barber home screen,Jste na čekací listině,You're on the waitlist,Ви в черзі,,,
homeTodayTeamWaitlistUseOtherContact,Real Barber home screen,Jiný telefon/email,Other phone/email,Інший телефон/email,,,
howToGetToUs,Common,Kudy k nám?,How to get to us?,Як до нас дістатися?,,,
inspiraceDetailAbout,Services,O účesu,About the haircut,Про зачіску,,,
inspiraceDetailAvailabilityMessage,Services,"""Dobrý den, chtěl/a bych si rezervovat tento účes""","""Hello, I would like to book this haircut""","Добрий день, хотів/ла б забронювати цю зачіску",,,
inspiraceDetailBackToInspirace,Services,Zpět na inspiraci,Back to inspiration,Назад до натхнення,Zpět na účesy,Back to hairstyles,Sjednocení Inspirace → Účesy / Inspiration → Hairstyles.
inspiraceDetailDifficulty,Services,Obtížnost stylingů,Styling difficulty,Складність укладання,,,
inspiraceDetailFaceShapes,Services,Tvar obličeje,Face shape,Форма обличчя,,,
inspiraceDetailForWho,Services,Pro koho,For whom,Для кого,,,
inspiraceDetailGallery,Services,Galerie,Gallery,Галерея,,,
inspiraceDetailHairLengths,Services,Délka vlasů,Hair length,Довжина волосся,,,
inspiraceDetailHairProperties,Services,Vlastnosti vlasů,Hair properties,Властивості волосся,,,
inspiraceDetailHairTypes,Services,Typ vlasů,Hair type,Тип волосся,,,
inspiraceDetailMenuOpen,Services,Možnosti účesu,Hairstyle options,Варіанти зачіски,,,
inspiraceDetailNotFound,Services,Účes nebyl nalezen.,Hairstyle not found.,Зачіску не знайдено.,,,
inspiraceDetailPopularityIndex,Services,Index popularity,Popularity index,Індекс популярності,,,
inspiraceDetailPreferredBarbers,Services,Kdo rád stříhá tento účes?,Who enjoys cutting this hairstyle?,Хто любить стригти цю зачіску?,,,
inspiraceDetailSimilar,Services,Podobné účesy,Similar hairstyles,Схожі стрижки,,,
inspiraceExpandMore,Services,Zobrazit více,Show more,Дізнатися більше,,,
inspiraceLoadError,Services,Inspirace se nepodařilo načíst.,Failed to load inspiration.,Не вдалося завантажити натхнення.,Účesy se nepodařilo načíst.,Failed to load hairstyles.,Sjednocení Inspirace → Účesy / Inspiration → Hairstyles.
inspiraceNoItems,Services,Žádné účesy k zobrazení.,No hairstyles to show.,Немає зачісок для показу.,,,
inspiracePageIntroStylistLink,Services,stylistou,stylist,стилістом,,,
inspiracePageTitle,Services,Inspirace pro výběr pánského účesu,Inspiration for choosing a men’s haircut,Натхнення для вибору чоловічої зачіски,Účesy - inspirace pro výběr pánského střihu,Hairstyles - inspiration for choosing a men’s haircut,Web používá Účesy/Hairstyles místo Inspirace/Inspiration.
isNewBadge,Home tabs (horizontal scroll under home),Nový,New,Новий,,,
kudyBranchNotFound,Kudy,Pobočka nenalezena.,Branch not found.,Філію не знайдено.,,,
kudyHowToGetToUs,Kudy,Kudy k nám,How to get to us,Як до нас дістатися,,,
kudyOpenGoogleMaps,Kudy,Otevřít v Google Maps,Open in Google Maps,Відкрити в Google Maps,,,
kudyOpenWaze,Kudy,Otevřít ve Waze,Open in Waze,Відкрити у Waze,,,
kudyRideUber,Kudy,Jízda s Uberem,Ride with Uber,Поїхати з Uber,,,
kudyShowVideo,Kudy,Přehrát video,Show video,Відтворити відео,,,
kudyTransportParking,Kudy k nám,Doprava a parkování,Transport and parking,Транспорт і паркування,,,
listingsExperiences,Listings (business),Zážítky,Experiences,Враження,,,
listingsHomes,Listings (business),Domovy,Homes,Житло,,,
listingsYourListings,Listings (business),Vaše inzeráty,Your listings,Ваші оголошення,,,
localeSelectTitle,Profile,Výběr jazyka,Choose language,Вибір мови,,,
localeSwitch,Profile,Přepnout jazyk,Change language,Змінити мову,,,
loginContinue,Auth,Pokračovat,Continue,Продовжити,,,
loginForgotPassword,Auth,Zapomenuté heslo?,Forgot Password?,Забули пароль?,,,
loginNoAccount,Auth,Nemáte účet? ,Don't have an account? ,Немає акаунта?,,,
loginOtpChallengeNotSent,Auth,SMS se nepodařilo odeslat. Zkuste to později.,We could not send an SMS. Try again later.,Не вдалося надіслати SMS. Спробуйте пізніше.,,,
loginOtpChangePhone,Auth,Změnit telefon,Change phone number,Змінити телефон,,,
loginOtpCodeLabel,Auth,Kód z SMS,SMS code,Код з SMS,,,
loginOtpFailed,Auth,Ověření se nezdařilo. Zkuste to znovu.,Verification failed. Try again.,Перевірка не вдалася. Спробуйте ще раз.,,,
loginOtpGreetingNoName,Auth,Vítáme tě v aplikaci.,Welcome to the app.,Вітаємо в застосунку.,,,
loginOtpGreetingWithName,Auth,"""Vítáme tě v aplikaci, {name}.""","""Welcome to the app, {name}.""","Вітаємо в застосунку, {name}.",,,
loginOtpInvalid,Auth,Zadejte 6místný kód.,Enter the 6-digit code.,Введіть 6-значний код.,,,
loginOtpRequestFailed,Auth,Kód se nepodařilo odeslat. Zkuste to znovu.,Could not send the code. Please try again.,Не вдалося надіслати код. Спробуйте ще раз.,,,
loginOtpResend,Auth,Poslat kód znovu,Resend code,Надіслати код знову,,,
loginOtpSubtitle,Auth,Zadejte kód z SMS. Platnost kódu je {minutes} minut.,Enter the code we sent by SMS. The code expires in {minutes} minutes.,Введіть код з SMS. Код дійсний {minutes} хвилин.,,,
loginOtpVerify,Auth,Ověřit a přihlásit se,Verify and sign in,Підтвердити та увійти,,,
loginPassword,Auth,Heslo,Password,Пароль,,,
loginPasswordBackToOtp,Auth,Přihlásit se přes SMS kód,Sign in with SMS code,Увійти через SMS-код,,,
loginPhoneStepSubtitle,Auth,Zadejte telefon — pošleme vám SMS kód pro přihlášení.,Enter your phone number — we will send you an SMS code to sign in.,Введіть телефон — надішлемо SMS-код для входу.,,,
loginSignUp,Auth,Registrovat se,Sign up,Записатися,,,
loginSubtitle,Auth,Přihlaste se ke svému účtu,Sign in to your account,Увійдіть до свого акаунта,,,
loginTitle,Auth,Přihlásit se,Login,Увійти,,,
loginWelcomeBack,Auth,Vítejte v aplikaci Real Barber,Welcome to Real Barber,Вітаємо в застосунку Real Barber,,,
mapCentralWarehousePhoneA11y,Map,Zavolat pro domluvu nákupu nebo vyzvednutí na centrálním skladě,Call to arrange purchase or pickup at the central warehouse,Зателефонувати щодо покупки або отримання на центральному складі,,,
mapCentralWarehousePhoneDisplay,Map,+420 774 522 114,+420 774 522 114,+420 774 522 114,,,
mapLoadingBranches,Map,Načítání poboček…,Loading branches…,Завантаження філій…,,,
multiStepComplete,Add property steps & texts,Dokončit,Complete,Завершити,,,
multiStepNext,Add property steps & texts,Další,Next,Інше,,,
multiStepSkip,Add property steps & texts,Přeskočit,Skip,Пропустити,,,
myHaircutsAddNewA11y,My haircuts,Přidat nový styl,Add new style,Додати новий стиль,,,
myHaircutsBadgeFirst,My haircuts,Můj první účes,My first haircut,Моя перша зачіска,,,
myHaircutsBadgeNewest,My haircuts,Můj nový účes,My newest haircut,Моя нова зачіска,,,
myHaircutsCreate,My haircuts,Vytvořte si vlastní styl,Create your own style,Створіть власний стиль,,,
myHaircutsEmpty,My haircuts,Zatím nemáte uložený styl. Vytvořte si ho níže.,No saved styles yet. Create one below.,Поки немає збереженого стилю. Створіть його нижче.,,,
myHaircutsLoadError,My haircuts,Střihy se nepodařilo načíst.,Could not load haircuts.,Не вдалося завантажити стрижки.,,,
myHaircutsLoginToSee,My haircuts,Pro zobrazení uložených stylů se přihlaste.,Log in to see your saved styles.,"Щоб переглянути збережені стилі, увійдіть.",,,
myHaircutsWhatsFor,My haircuts,K čemu to je?,What's it for?,Для чого це?,,,
myHaircutsYours,My haircuts,Vaše styly,Your styles,Ваші стилі,,,
navBookings,Bottom navigation (tab bar),Rezervace,Bookings,Бронювання,,,
navCalendar,Bottom navigation (tab bar),Kalendář,Calendar,Календар,,,
navFavorites,Bottom navigation (tab bar),Oblíbené,Favorites,Улюблені,,,
navHome,Bottom navigation (tab bar),Domů,Home,Домівка,,,
navListings,Bottom navigation (tab bar),Inzeráty,Listings,Оголошення,,,
navMessages,Bottom navigation (tab bar),Zprávy,Messages,Повідомлення,,,
navProfile,Bottom navigation (tab bar),Profil,Profile,Профіль,,,
nearestBranchCta,Real Barber home screen,Blízko mě,Near me,Поруч зі мною,,,
nearestBranchFailed,Real Barber home screen,Nejbližší pobočku se teď nepodařilo určit.,We could not determine the nearest branch right now.,Зараз не вдалося визначити найближчу філію.,,,
nearestBranchFindCta,Real Barber home screen,Blízko mě,Near me,Поруч зі мною,,,
nearestBranchHomeNearestLine,Real Barber home screen,Nejbližší: {details},Nearest: {details},Найближча: {details},,,
nearestBranchHomeYou,Real Barber home screen,Vy / {location},You / {location},Ви / {location},,,
nearestBranchHomeYouFallback,Real Barber home screen,Vy,You,Ви,,,
nearestBranchHoursHint,Real Barber home screen,Zobrazit otevírací dobu,Show opening hours,Показати години роботи,,,
nearestBranchHoursTooltipTitle,Real Barber home screen,Otevírací doba:,Opening hours:,Години роботи:,,,
nearestBranchHoursWeekdays,Real Barber home screen,Po–Pá: 09:00–21:00,Mon–Fri: 09:00–21:00,Пн–Пт: 09:00–21:00,,,
nearestBranchHoursWeekend,Real Barber home screen,So–Ne: 10:00–18:00,Sat–Sun: 10:00–18:00,Сб–Нд: 10:00–18:00,,,
nearestBranchLoading,Real Barber home screen,Hledám nejbližší pobočku…,Finding nearest branch…,Шукаю найближчу філію…,,,
nearestBranchOpen,Real Barber home screen,Otevřít,Open,Відкрити,,,
nearestBranchSlotsEmpty,Real Barber home screen,Momentálně nemáme volné termíny na této pobočce.,No available slots at this branch right now.,Наразі немає вільних слотів у цій філії.,,,
nearestBranchSlotsTitle,Real Barber home screen,Nejbližší volné termíny,Nearest available slots,Найближчі вільні терміни,,,
nearestBranchStatusClosed,Real Barber home screen,Zavřeno,Closed,Зачинено,,,
nearestBranchStatusClosingSoon,Real Barber home screen,Za chvíli zavírá,Closing soon,Невдовзі зачиняється,,,
nearestBranchStatusOpen,Real Barber home screen,Otevřeno,Open,Відчинено,,,
nearestBranchStatusOpeningSoon,Real Barber home screen,Za chvíli otevírá,Opening soon,Невдовзі відчиняється,,,
nearestBranchTravelBicycle,Real Barber home screen,{minutes} min na kole,{minutes} min by bike,{minutes} хв велосипедом,,,
nearestBranchTravelDrive,Real Barber home screen,{minutes} min autem,{minutes} min by car,{minutes} хв авто,,,
nearestBranchTravelFromYou,Real Barber home screen,Od vás {distance},{distance} from you,Від вас {distance},,,
nearestBranchTravelTrafficSuffix,Real Barber home screen, · dle aktuálního provozu, · based on current traffic,· за поточним трафіком,,,
nearestBranchTravelWalk,Real Barber home screen,{minutes} min pěšky,{minutes} min on foot,{minutes} хв пішки,,,
nearestBranchUnavailable,Real Barber home screen,Polohu se nepodařilo získat. Zkuste to znovu později.,Could not get your location. Please try again later.,Не вдалося отримати місцезнаходження. Спробуйте пізніше.,,,
notFoundBackToHome,404,Zpět na úvod,Back to Home,На головну,,,
notifSettingsBookingTravel,Profile notifications settings,Rezervace a cesty,Booking & Travel,Бронювання та поїздки,,,
notifSettingsBookingUpdates,Profile notifications settings,Aktualizace rezervací,Booking Updates,Оновлення бронювань,,,
notifSettingsCheckinReminders,Profile notifications settings,Připomínky check-inu,Check-in Reminders,Нагадування про check-in,,,
notifSettingsHostMessages,Profile notifications settings,Zprávy od hostitele,Host Messages,Повідомлення від господаря,,,
notifSettingsHostPromotions,Profile notifications settings,Akce hostitele,Host Promotions,Акції господаря,,,
notifSettingsMarketingEmails,Profile notifications settings,Marketingové e-maily,Marketing Emails,Маркетингові ел. листи,,,
notifSettingsPaymentConfirmations,Profile notifications settings,Potvrzení platby,Payment Confirmations,Підтвердження оплати,,,
notifSettingsPromotionsMarketing,Profile notifications settings,Akce a marketing,Promotions & Marketing,Акції та маркетинг,,,
notifSettingsReviewRequests,Profile notifications settings,Žádosti o recenzi,Review Requests,Запити на відгук,,,
notifSettingsSpecialOffers,Profile notifications settings,Speciální nabídky,Special Offers,Вигідні пакети,,,
notifSettingsTravelTips,Profile notifications settings,Cestovní tipy,Travel Tips,Подорожні поради,,,
notifTestLocalButton,Profile notifications settings,Test notifikace,Test notification,Тест сповіщення,,,
notifTestLocalNotifBody,Profile notifications settings,Test lokální notifikace — OK,Local test notification — OK,Тест локального сповіщення — OK,,,
notifTestLocalNotifTitle,Profile notifications settings,Real Barber,Real Barber,Real Barber,,,
notifTestLocalPermissionMessage,Profile notifications settings,Povolte oznámení v nastavení systému.,Allow notifications in system settings.,Дозвольте сповіщення в налаштуваннях системи.,,,
notifTestLocalPermissionTitle,Profile notifications settings,Oznámení,Notifications,Сповіщення,,,
notifTestLocalSectionTitle,Profile notifications settings,Test notifikace,Test notification,Тест сповіщення,,,
notifTestLocalUnsupported,Profile notifications settings,Na této platformě není k dispozici.,Not available on this platform.,На цій платформі недоступно.,,,
notificationsAll,Notifications,Vše,All,Усе,,,
notificationsBookings,Notifications,Rezervace,Bookings,Бронювання,,,
notificationsCancellations,Notifications,Zrušení,Cancellations,Скасування,,,
notificationsDetailEmptyBody,Notifications,Bez dalšího textu.,No additional text.,Без додаткового тексту.,,,
notificationsHistoryTitle,Notifications,Historie notifikací,Notification history,Історія сповіщень,,,
notificationsInquiries,Notifications,Dotazy,Inquiries,Запити,,,
notificationsLeaveReview,Notifications,Napsat recenzi,Leave a review,Написати відгук,,,
notificationsLoadMore,Notifications,Načíst další,Load more,Завантажити ще,,,
notificationsMarketing,Notifications,Marketing,Marketing,Маркетинг,,,
notificationsMessages,Notifications,Zprávy,Messages,Повідомлення,,,
notificationsNoFound,Notifications,Žádná oznámení,No notifications found,Немає сповіщень,,,
notificationsPayments,Notifications,Platby,Payments,Платежі,,,
notificationsReviews,Notifications,Recenze,Reviews,Відгук,,,
notificationsSubtitle,Notifications,Mějte přehled o rezervacích a cestách,Stay updated on your bookings and travel plans,Слідкуйте за бронюваннями та поїздками,,,
notificationsTitle,Notifications,Oznámení,Notifications,Сповіщення,,,
notificationsUnreadSubtitle,Notifications,{{count}} nezobrazených,{{count}} unread,{{count}} непрочитаних,,,
notificationsViewTransaction,Notifications,Zobrazit transakci,View transaction,Переглянути транзакцію,,,
operatorCallUsTitle,Help,Zavolejte nám,Call us,Зателефонуйте нам,,,
operatorContactPhone,Help,Telefon,Phone,Телефон,,,
operatorContactTelegram,Help,Telegram,Telegram,Telegram,,,
operatorContactWhatsApp,Help,WhatsApp,WhatsApp,WhatsApp,,,
operatorFabAccessibility,Help,Kontaktovat podporu,Contact support,Зв’язатися з підтримкою,,,
operatorSheetDisableBefore,Help,"""Pokud vás ruším, ""","""If I'm in your way, ""","Якщо я заважаю,",,,
operatorSheetDisableLink,Help,vypněte si mě v Nastavení funkcí,turn me off in Feature settings,вимкніть мене в Налаштуваннях функцій,,,
operatorSheetTitle,Help,Kontaktovat podporu,Contact support,Зв’язатися з підтримкою,,,
orderCancellationPolicy,Order detail,Storno podmínky,Cancellation policy,Умови скасування,,,
orderChange,Order detail,Změnit,Change,Змінити,,,
orderChooseHowToPay,Order detail,Vyberte způsob platby,Choose how to pay,Оберіть спосіб оплати,,,
orderConfirmAndPay,Order detail,Potvrdit a zaplatit,Confirm and pay,Підтвердити та оплатити,,,
orderPriceDetails,Order detail,Cenové detaily,Price details,Деталі ціни,,,
orderYourTrip,Order detail,Vaše cesta,Your trip,Ваша поїздка,,,
paymentMethodCard,Trip detail / Booking detail,Kartou,Card,Карткою,,,
paymentMethodCash,Trip detail / Booking detail,Hotovost,Cash,Готівка,,,
paymentMethodRbc,Trip detail / Booking detail,RB coiny,RB coins,RB Coins,,,
paymentsAddCard,Payments,Přidat novou kartu,Add New Card,Додати нову картку,,,
paymentsApplePay,Payments (extra),Apple Pay,Apple Pay,Apple Pay,,,
paymentsApplePaySetup,Payments (extra),Nastavte Apple Pay pro rychlejší platby,Set up Apple Pay for faster checkout,Налаштуйте Apple Pay для швидшої оплати,,,
paymentsCancel,Payments (extra),Zrušit,Cancel,Скасувати,,,
paymentsCardNumber,Payments,Číslo karty,Card Number,Номер картки,,,
paymentsCardholder,Payments,Jméno držitele,Cardholder Name,Ім’я власника,,,
paymentsCvv,Payments (extra),CVC,CVV,CVC,,,
paymentsDigitalWallets,Payments,Digitální peněženky,Digital Wallets,Цифрові гаманці,,,
paymentsExpiry,Payments,Datum expirace,Expiry Date,Термін дії,,,
paymentsGooglePay,Payments (extra),Google Pay,Google Pay,Google Pay,,,
paymentsGooglePaySetup,Payments (extra),Nastavte Google Pay pro rychlejší platby,Set up Google Pay for faster checkout,Налаштуйте Google Pay для швидшої оплати,,,
paymentsSaveCard,Payments (extra),Uložit kartu,Save Card,Зберегти картку,,,
paymentsSetAsDefault,Payments (extra),Nastavit jako výchozí platební metodu,Set as default payment method,Зробити способом оплати за замовчуванням,,,
paymentsSetDefault,Payments,Nastavit jako výchozí platební metodu,Set as default payment method,Зробити способом оплати за замовчуванням,,,
paymentsTitle,Payments,Platební metody,Payment Methods,Способи оплати,,,
paymentsYourCards,Payments,Vaše karty,Your cards,Ваші картки,,,
permissionAllowLocation,Permissions,Povolit přístup k poloze,Allow Location Access,Дозволити доступ до місцезнаходження,,,
permissionAllowNotifications,Permissions,Povolit upozornění,Allow Notifications,Дозволити сповіщення,,,
permissionSkipForNow,Permissions,Teď ne,Skip for Now,Не зараз,,,
phoneCallFeedbackReason_callRejected,Help,Hovor mi byl odmítnut,Call was rejected,Дзвінок відхилили,,,
phoneCallFeedbackReason_inflexible,Help,Nechtěl mi vyhovět,Would not accommodate me,Не захотів допомогти,,,
phoneCallFeedbackReason_language,Help,Jazyková bariéra,Language barrier,Мовний бар’єр,,,
phoneCallFeedbackReason_lineBusy,Help,Linka byla obsazena,Line was busy,Лінія була зайнята,,,
phoneCallFeedbackReason_longWait,Help,Dlouhé čekání,Long wait,Довге очікування,,,
phoneCallFeedbackReason_noBookingHelp,Help,Neuměl poradit s rezervací,Could not help with booking,Не допоміг із бронюванням,,,
phoneCallFeedbackReason_other,Help,Jiné,Other,Інше,,,
phoneCallFeedbackReason_rushed,Help,Spěchal / odbyl mě,Rushed / brushed me off,Поспішав / відмахнувся,,,
phoneCallFeedbackReason_unpleasant,Help,Nepříjemný,Unpleasant,Неприємний,,,
phoneCallFeedbackReason_unreachable,Help,Nedovolal jsem se,Could not get through,Не додзвонився,,,
phoneCallFeedbackReason_wrongInfo,Help,Špatné informace,Wrong information,Неправильна інформація,,,
phoneCallFeedbackReasonsSubtitle,Help,Co bylo špatně?,What went wrong?,Що було не так?,,,
phoneCallFeedbackSubmit,Help,Odeslat,Submit,Надіслати,,,
phoneCallFeedbackTitle,Help,Jak hodnotíte hovor s operátorem?,How would you rate your call with our operator?,Як ви оцінюєте дзвінок з оператором?,,,
phoneCountrySearchEmpty,Auth,Nic nenalezeno.,Nothing found.,Нічого не знайдено.,,,
phoneCountrySearchPlaceholder,Auth,Zadejte zemi nebo předvolbu,Enter country or dial code,Введіть країну або префікс,,,
phoneCountrySheetTitle,Auth,Vyberte předvolbu,Select dial code,Оберіть префікс,,,
popularBarbershops,Common,Oblíbené holičství v Praze,Popular barbershops in Prague,Популярні барбершопи в Празі,,,
productAvailability,Product detail,Dostupnost,Availability,Доступність,,,
productBuy,Product detail,Koupit,Buy,Купити,,,
productBuyerReviews,Product detail,Recenze kupujících,Buyer reviews,Відгуки покупців,,,
productCatalogFlags,Product detail,Štítky,Labels,Мітки,,,
productDetails,Product detail,Detaily produktu,Product details,Деталі продукту,,,
productEdit,Product detail,Upravit,Edit,Редагувати,,,
productNapsatRecenzi,Product detail,Napsat recenzi,Napsat recenzi,Написати відгук,,,
productPiecesAbbr,Product detail,ks,pcs,шт,,,
productPricePerProduct,Product detail,za produkt,per product,за продукт,,,
productPurchaseCashback,Product detail,Cashback,Cashback,Кешбек,,,
productPurchaseCashbackPaid,Product detail,Vyplaceno,Paid out,Виплачено,,,
productPurchaseCashbackPending,Product detail,Zatím nevyplaceno,Not paid out yet,Ще не виплачено,,,
productPurchaseCashbackStatus,Product detail,Výplata cashbacku,Cashback payout,Виплата кешбеку,,,
productPurchaseDate,Product detail,Datum nákupu,Purchase date,Дата покупки,,,
productPurchaseInfoP1,Product detail,Na přímém online prodeji produktů právě pracujeme.,We’re working on direct online sales of products.,Над прямим онлайн-продажем продуктів ми зараз працюємо.,,,
productPurchaseInfoThanks,Product detail,"""Děkujeme, že jste s námi.""",Thank you for being with us.,"Дякуємо, що ви з нами.",,,
productPurchaseInfoTitle,Product detail,Online nákup produktů,Buying products online,Онлайн-купівля продуктів,,,
productPurchaseNotes,Product detail,Poznámka,Notes,Примітка,,,
productPurchaseQuantity,Product detail,Počet kusů,Quantity,Кількість штук,,,
productPurchaseTotal,Product detail,Celkem zaplaceno,Total paid,Усього сплачено,,,
productPurchaseUnitPrice,Product detail,Cena za kus,Unit price,Ціна за штуку,,,
productRecenzovat,Product detail,Recenzovat,Recenzovat,Залишити відгук,,,
productReviewAuthorAnonymous,Product detail,Anonymní,Anonymous,Анонім,,,
productReviewsCount,Product detail,recenzí,reviews,Відгуки,,,
productSeller,Product detail,Prodejce,Seller,Продавець,,,
productShareDialogTitle,Product detail,Real Barber,Real Barber,Real Barber,,,
productShareIntroRealBarber,Product detail,"""Podívej se, co mají v Real Barberu:""",See what they have at Real Barber:,"Подивись, що є в Real Barber:",,,
productSharePickupWarehouse,Product detail,Sklad / vyzvednutí,Pickup warehouse,Склад / отримання,,,
productSharePrice,Product detail,Cena,Price,Ціна,,,
productSharePrimaryImage,Product detail,Zde máš obrázek jak to vypadá,Here's what it looks like,Ось як це виглядає,,,
productSharePurchaseQuantity,Product detail,Množství,Quantity,Кількість,,,
productSku,Product detail,SKU,SKU,SKU,,,
productStock,Product detail,Počet na skladě,Stock quantity,Кількість на складі,,,
productStockByWarehouse,Product detail,Stav na skladech,Stock by warehouse,Стан на складах,,,
productWarehouseMapHint,Product detail,Zobrazit na mapě,Show on map,Показати на карті,,,
productWarehouseOpenMap,Product detail,Otevřít adresu skladu na mapě,Open warehouse address on map,Відкрити адресу складу на карті,,,
productsCatalogEmpty,Products (home),Žádné produkty v katalogu.,No products in the catalog.,Немає продуктів у каталозі.,,,
productsCatalogInStock,Products (home),Skladem,In stock,В наявності,,,
productsCatalogOutOfStock,Products (home),Není skladem,Out of stock,Немає в наявності,,,
productsCatalogOutOfStockBadge,Products (home),NENÍ SKLADEM,OUT OF STOCK,НЕМАЄ В НАЯВНОСТІ,,,
productsGiftsEmpty,Products (home),V katalogu dárků zatím nic není.,No gift items in the catalog.,У каталозі подарунків поки нічого немає.,,,
productsGiftsTitle,Products (home),Dárky,Gifts,Подарунки,,,
productsMyPurchased,Products (home),Moje zakoupené produkty,My purchased products,Мої куплені продукти,,,
productsNoPurchased,Products (home),Žádné zakoupené produkty.,No purchased products.,Немає куплених продуктів.,,,
productsPromoSubtitle,Products (home),Vybrané přípravky a styling pro váš účes.,Selected styling and care products for your look.,Відібрані засоби та стайлінг для вашої зачіски.,,,
productsPromoSubtitle2,Products (home),Nejnovější přípravky a limited edice.,Latest products and limited editions.,Найновіші засоби та limited edition.,,,
productsPromoSubtitle3,Products (home),Aktuální slevy na vybrané produkty.,Current discounts on selected products.,Актуальні знижки на вибрані продукти.,,,
productsPromoSubtitle4,Products (home),Kombinované sady produktů s výhodnou cenou.,Product bundles at a better price.,Комбіновані набори продуктів за вигідною ціною.,,,
productsPromoSubtitle5,Products (home),Produkty doporučené pro vás na základě nákupů.,Products recommended for you based on your purchases.,"Продукти, рекомендовані вам на основі покупок.",,,
productsPromoTitle,Products (home),Doporučené produkty,Recommended products,Рекомендовані продукти,,,
productsPromoTitle2,Products (home),Novinky,New arrivals,Новини,,,
productsPromoTitle3,Products (home),Slevy,Deals,Знижки,,,
productsPromoTitle4,Products (home),Dárkové sady,Gift sets,Подарункові набори,,,
productsPromoTitle5,Products (home),Doporučené,Recommended,Рекомендоване,,,
productsTitle,Products (home),Produkty,Products,Продукти,,,
profileAccountSettings,Profile,Nastavení účtu,Account settings,Налаштування акаунта,,,
profileAppLanguage,Profile,Jazyk aplikace,App language,Мова застосунку,,,
profileAppVersionLabel,Profile,Verze aplikace,App version,Версія застосунку,,,
profileAppearanceDarkMode,Profile,Tmavý režim,Dark mode,Темний режим,,,
profileAppearanceLightMode,Profile,Světlý režim,Light mode,Світлий режим,,,
profileCompletionAddressTitle,Profile,Adresa,Address,Адреса,,,
profileCompletionAvatarTitle,Profile,Profilová fotka,Profile photo,Фото з профілю,,,
profileCompletionBirthdayTitle,Profile,Datum narození,Date of birth,Дата народження,,,
profileCompletionCta,Profile,Doplnit,Complete,Доповнити,,,
profileCompletionDismiss,Profile,Teď ne,Not now,Не зараз,,,
profileCompletionEmailTitle,Profile,E-mail,Email,E-mail,,,
profileContactFormEmail,Profile,E-mail,Email,E-mail,,,
profileContactFormHint,Profile,Formulář brzy spustíme — zatím bez odeslání.,We will launch the form soon — sending is not available yet.,Форму скоро запустимо — поки без відправлення.,,,
profileContactFormMessage,Profile,Zpráva,Message,Повідомлення,,,
profileContactFormName,Profile,Jméno,Name,Ім'я,,,
profileContactFormSubmit,Profile,Odeslat,Send,Надіслати,,,
profileContactFormTitle,Profile,Kontaktní formulář,Contact form,Контактна форма,,,
profileContactsForm,Profile,Kontaktní formulář,Contact form,Контактна форма,,,
profileContactsLocations,Profile,Provozovny,Locations,Філії,,,
profileContactsPhone,Profile,Telefonický kontakt,Phone contact,Телефонний контакт,,,
profileContactsPrivacy,Profile,Ochrana údajů a podmínky,Privacy policy and terms,Захист даних і умови,,,
profileContactsSectionTitle,Profile,Kontakty,Contacts,Контакти,,,
profileContactsShare,Profile,Sdílet realbarber.cz,Share realbarber.cz,Поділитися realbarber.cz,,,
profileCreateListing,Profile,Vytvořit nový inzerát,Create new listing,Створити нове оголошення,,,
profileCustomerStatus,Profile,Status zákazníka,Customer status,Статус клієнта,,,
profileEarnings,Profile,Výdělky,Earnings,Заробіток,,,
profileEditProfile,Profile,Upravit profil,Edit profile,Редагувати профіль,,,
profileFeatureHaptics,Profile,Haptická odezva,Haptic feedback,Тактильний відгук,,,
profileFeatureHapticsDesc,Profile,Vibrace při klepnutí na tlačítka a přepínání,Vibration when tapping buttons and toggles,Вібрація при натисканні кнопок і перемикачів,,,
profileFeatureOperator,Profile,Operátor podpory,Support operator,Оператор підтримки,,,
profileFeatureOperatorDesc,Profile,Zobrazit plovoucí tlačítko pro rychlý kontakt s podporou,Show the floating button for quick contact with support,Показати плаваючу кнопку для швидкого контакту з підтримкою,,,
profileFeatureSettings,Profile,Nastavení funkcí,Feature settings,Налаштування функцій,,,
profileFeatureSettingsDesc,Profile,Operátor podpory a další volitelné funkce,Support operator and other optional features,Оператор підтримки та інші додаткові функції,,,
profileFeatureSettingsSubtitle,Profile,Volitelné funkce aplikace,Optional app features,Додаткові функції додатку,,,
profileGetHelp,Profile,Nápověda,Get help,Допомога,,,
profileGetStarted,Profile,Začít,Get started,Почати,,,
profileGuest,Profile,Host,Guest,Гість,,,
profileInsights,Profile,Přehledy,Insights,Огляди,,,
profileLogout,Profile,Odhlásit se,Logout,Вийти,,,
profileMemberDays,Profile,Členem (dní),Member for (days),Учасник (днів),,,
profileMemberDaysFirstDay,Profile,První den,First day,Перший день,,,
profileMenuAria,Service / Barber detail,Další akce,More actions,Інші дії,,,
profileMyReservations,Profile,Moje rezervace,My reservations,Мої бронювання,,,
profileNewToHosting,Profile,Nový v hostování?,New to hosting?,Новачок у хостингу?,,,
profileNewToHostingDesc,Profile,"""Zjistěte, jak začít hostit a vydělat si navíc""",Discover how to start hosting and earn extra income,"""Дізнайтеся, як почати хостити й додатково заробляти""",,,
profileNotificationHistory,Profile,Historie notifikací,Notification history,Історія сповіщень,,,
profileReferrals,Profile,Doporučení,Referrals,Рекомендації,,,
profileReservations,Profile,Rezervace,Reservations,Бронювання,,,
profileReviews,Profile,Recenze,Reviews,Відгук,,,
rbcBack,RBC,Zpět,Back,Назад,,,
rbcCardDesign,RBC,Design karty,Card design,Дизайн картки,,,
rbcCardDesigns,RBC,Designy karet,Card designs,Дизайни карток,,,
rbcCardTitle,RBC,RBC karta,RBC Card,Картка RBC,,,
rbcCashback,RBC,Cashback,Cashback,Кешбек,,,
rbcDayBeforeYesterday,RBC,Předevčírem,Day before yesterday,Позавчора,,,
rbcDesign,RBC,Design,Design,Дизайн,,,
rbcGiftCardCreated,RBC,Dárková karta vytvořena,Gift card created,Подарункову картку створено,,,
rbcHideDetails,RBC,Skrýt údaje,Hide details,Сховати дані,,,
rbcHistory,RBC,Historie,History,Історія,,,
rbcNoTransactions,RBC,Žádné transakce,No transactions,Немає транзакцій,,,
rbcSend,RBC,Odeslat,Send,Надіслати,,,
rbcShowDetails,RBC,Zobrazit údaje,Show details,Показати дані,,,
rbcToday,RBC,Dnes,Today,сьогодні,,,
rbcTransactionHistory,RBC,Historie transakcí,Transaction history,Історія транзакцій,,,
rbcUseThisDesign,RBC,Použít tento design,Use this design,Використати цей дизайн,,,
rbcYesterday,RBC,Včera,Yesterday,Вчора,,,
rbcYourBalance,RBC,Váš zůstatek,Your balance,Ваш баланс,,,
referralAttributionLead,Referral program detail,Lead,Lead,Лід,,,
referralAttributionNotFound,Referral program detail,Pozvánku se nepodařilo najít.,Invite not found.,Запрошення не знайдено.,,,
referralAttributionPhone,Referral program detail,Telefon,Phone,Телефон,,,
referralAttributionStatus,Referral program detail,Stav,Status,Статус,,,
referralAttributionTimeline,Referral program detail,Průběh,Timeline,Хід,,,
referralAttributionTitle,Referral program detail,Pozvánka,Invite,Запрошення,,,
referralChecklistAccepted,Referral program detail,Přijal pozvání,Accepted invite,Прийняв запрошення,,,
referralChecklistPaid,Referral program detail,Zaplatil za služby,Paid for services,Оплатив послуги,,,
referralChecklistPaired,Referral program detail,Stáhl aplikaci,Installed the app,Завантажив застосунок,,,
referralInviteDetailTitle,Referral program detail,Detail pozvání,Invite detail,Деталі запрошення,,,
referralInviteHeadlineLimitReached,Referral program detail,"""Splněno, ale limit programu je vyčerpaný""","""Completed, but program limit reached""","""Виконано, але ліміт програми вичерпано""",,,
referralInviteHeadlinePending,Referral program detail,Pozvánka je v procesu,Invite is in progress,Запрошення в процесі,,,
referralInviteHeadlineQualified,Referral program detail,"""Splněno, čeká se na odměnu""","""Qualified, waiting for reward""","""Виконано, очікується винагорода""",,,
referralInviteHeadlineRewarded,Referral program detail,"""Hotovo, odměna připsána""","""Completed, reward credited""","""Готово, винагороду нараховано""",,,
referralInviteInvitedOn,Referral program detail,Pozváno:,Invited:,Запрошено:,,,
referralInviteLeadPhoneEntered,Referral program detail,Zadal telefon na odkazu,Phone entered on the link,Ввів телефон за посиланням,,,
referralInviteName,Referral program detail,Jméno,Name,Ім'я,,,
referralInviteNextStep,Referral program detail,Další krok,Next step,Наступний крок,,,
referralInviteNotFound,Referral program detail,Pozvání se nepodařilo najít.,Invite not found.,Запрошення не знайдено.,,,
referralInvitePercentage,Referral program detail,Hotovo,Done,Готово,,,
referralInvitePerson,Referral program detail,Pozvaný,Invitee,Запрошений,,,
referralInviteProgress,Referral program detail,Průběh,Progress,Прогрес,,,
referralInviteStatus,Referral program detail,Stav,Status,Статус,,,
referralInviteStatusInProgress,Referral program detail,V procesu,In progress,Триває,,,
referralInviteStatusPending,Referral program detail,V procesu,In progress,Триває,,,
referralInviteStatusQualified,Referral program detail,Splněno,Qualified,Виконано,,,
referralInviteStatusRewarded,Referral program detail,Odměna připsána,Rewarded,Винагороду нараховано,,,
referralInviteSteps,Referral program detail,Kroky,Steps,Кроки,,,
referralInviteTimeline,Referral program detail,Průběh pozvání,Invite timeline,Хід запрошення,,,
referralInvitesEmpty,Referral program detail,Zatím nemáte žádné pozvánky v tomto programu.,You have no invites in this program yet.,Поки немає запрошень у цій програмі.,,,
referralInvitesSection,Referral program detail,Pozvaní,Invited,Запрошені,,,
referralInvitesTitle,Referral program detail,Průběh pozvání,Invite progress,Хід запрошень,,,
referralProgramDetails,Referral program detail,Detail programu,Program details,Деталі програми,,,
referralProgramJoin,Referral program detail,Zapojit do programu,Join program,Приєднатися до програми,,,
referralProgramMinPurchase,Referral program detail,Minimální nákup,Minimum purchase,Мінімальна покупка,,,
referralProgramNotFound,Referral program detail,Program se nepodařilo najít.,Program not found.,Програму не знайдено.,,,
referralProgramRefereeReward,Referral program detail,Odměna pro doporučeného,Reward for referred friend,Винагорода для запрошеного,,,
referralProgramReferrerReward,Referral program detail,Odměna za doporučení,Reward for referring,Винагорода за рекомендацію,,,
referralProgramRegenerate,Referral program detail,Vygenerovat nový kód,Generate a new code,Згенерувати новий код,,,
referralProgramTitle,Referral program detail,Doporučovací program,Referral program,Реферальна програма,,,
referralProgramTrackInvites,Referral program detail,Průběh pozvání,Invite progress,Хід запрошень,,,
referralProgramValidUntil,Referral program detail,Platné do,Valid until,Дійсне до,,,
referralProgramYourCode,Referral program detail,Váš referral kód,Your referral code,Ваш реферальний код,,,
referralRewardAmount,Referral program detail,Odměna,Reward,Винагорода,,,
referralRewardStatusLine,Referral program detail,Stav: {status},Status: {status},Статус: {status},,,
referralRewardedAt,Referral program detail,Připsáno,Credited at,Нараховано,,,
referralSpendLine,Referral program detail,Aktuálně utraceno {spent} z {required} (zbývá {remaining}),Spent {spent} of {required} (remaining {remaining}),Зараз витрачено {spent} з {required} (залишилось {remaining}),,,
referralSpendSince,Referral program detail,Počítá se od,Counting since,Рахується з,,,
referralStepPairedInApp,Referral program detail,Spárováno v aplikaci (přihlášení/registrace),Paired in the app (login/registration),Зв’язано в застосунку (вхід/реєстрація),,,
referralStepPhoneEntered,Referral program detail,Zadal telefon na odkazu,Phone entered on the link,Ввів телефон за посиланням,,,
referralStepReward,Referral program detail,Odměna,Reward,Винагорода,,,
referralStepSpendProgress,Referral program detail,Plnění podmínky nákupu,Purchase progress,Виконання умови покупки,,,
referralsFriends,Referrals,přátel,friends,друзів,,,
referralsInviteFriends,Referrals,Pozvat přátele,Invite friends,Запросити друзів,,,
referralsInvited,Referrals,Pozvali jste,You've invited,Ви запросили,,,
referralsInvitedList,Referrals,Pozvaní,Invited,Запрошені,,,
referralsShareLink,Referrals,Sdílet odkaz na pozvánku,Share invite link,Поділитися посиланням на запрошення,,,
rescheduleConfirm,Trip detail,Potvrdit přesunutí okamžitě,Confirm reschedule now,Підтвердити перенесення зараз,,,
rescheduleContinue,Trip detail,Pokračovat na shrnutí,Continue to summary,Продовжити до підсумку,,,
rescheduleCurrentTimeHeading,Trip detail,Současný termín,Current time slot,Поточний час,,,
rescheduleCurrentTitle,Trip detail,Současná rezervace,Current booking,Поточне бронювання,,,
rescheduleIntro,Trip detail,"""Zvolte nový datum a čas. Pobočka, služba i holič se nemění.""","""Pick a new date and time. The branch, service, and barber stay the same.""","""Оберіть нову дату й час. Філія, послуга й барбер не змінюються.""",,,
rescheduleLoadError,Trip detail,Nepodařilo se načíst rezervaci,Could not load booking,Не вдалося завантажити бронювання,,,
rescheduleNoChange,Trip detail,Nejdřív změňte datum nebo čas.,Change the date or time first.,Спочатку змініть дату або час.,,,
rescheduleNoSlot,Trip detail,Vyberte časový slot,Select a time slot,Оберіть часовий слот,,,
rescheduleNotFound,Trip detail,Rezervace nenalezena,Booking not found,Бронювання не знайдено,,,
reschedulePickTitle,Trip detail,Nový termín,New date & time,Новий термін,,,
reschedulePlaceholder,Trip detail,Výběr nového termínu bude brzy k dispozici.,Choosing a new date and time will be available soon.,Вибір нового терміну незабаром буде доступний.,,,
rescheduleSave,Trip detail,Uložit nový termín,Save new time,Зберегти новий термін,,,
rescheduleSaving,Trip detail,Ukládám…,Saving…,Збереження…,,,
rescheduleSummarySubtitle,Trip detail,Zkontrolujte nový termín a potvrďte změnu.,Review the new time and confirm the update.,Перевірте новий термін і підтвердіть зміну.,,,
rescheduleSummaryTitle,Trip detail,Shrnutí přesunutí rezervace,Reschedule summary,Підсумок перенесення,,,
rescheduleTitle,Trip detail,Přesunout rezervaci,Reschedule,Перенести бронювання,,,
reservationAfternoon,Reservation create flow,Odpoledne,Afternoon,Післяобідній час,,,
reservationAnyEmployee,Reservation create flow,Kdokoliv je k dispozici,Anyone available,Будь-хто доступний,,,
reservationAvailableTimes,Reservation create flow,Dostupné časy,Available times,Доступний час,,,
reservationAvailableTimesSubtitle,Reservation create flow,Vyberte volný čas z dostupných termínů.,Pick a free slot from the available appointments.,Оберіть вільний час із доступних термінів.,,,
reservationContactEmail,Reservation create flow,E-mail,Email,E-mail,,,
reservationContactFirstName,Reservation create flow,Jméno,First name,Ім'я,,,
reservationContactLastName,Reservation create flow,Příjmení,Last name,Прізвище,,,
reservationContactMarketing,Reservation create flow,Souhlasím s marketingovou komunikací,I agree to marketing communications,Погоджуюсь на маркетингові повідомлення,,,
reservationContactNotes,Reservation create flow,Poznámka,Notes,Примітка,,,
reservationContactOtpLabel,Reservation create flow,Kód z SMS,SMS code,Код з SMS,,,
reservationContactPhone,Reservation create flow,Telefon,Phone,Телефон,,,
reservationContactSubmit,Reservation create flow,Potvrdit rezervaci,Confirm booking,Підтвердити бронювання,,,
reservationCouponDiscount,Reservation create flow,Sleva,Discount,Знижка,,,
reservationCouponEmpty,Reservation create flow,Zadejte slevový kód.,Enter a promo code.,Введіть промокод.,,,
reservationCouponFinalPrice,Reservation create flow,Celkem,You pay,Разом,,,
reservationCouponIncompleteSelection,Reservation create flow,"""Nejdřív vyberte pobočku, službu a mistra.""","""Choose branch, service and barber first.""","""Спочатку оберіть філію, послугу й барбера.""",,,
reservationCouponOriginalPrice,Reservation create flow,Základní cena,Original price,Базова ціна,,,
reservationCouponPlaceholder,Reservation create flow,KÓD10,SAVE10,КОД10,,,
reservationCouponSectionTitle,Reservation create flow,Slevový kód,Promo code,Знижковий код,,,
reservationCouponVerify,Reservation create flow,Ověřit,Verify,Перевірити,,,
reservationCouponVerifyFailed,Reservation create flow,Kód se nepodařilo ověřit.,Could not verify the code.,Не вдалося перевірити код.,,,
reservationCreating,Reservation create flow,Vytvářím rezervaci…,Creating booking…,Створюємо бронювання…,,,
reservationCurrencySuffix,Reservation create flow,Kč,CZK,Kč,,,
reservationDayAfterTomorrow,Reservation create flow,Pozítří,Day after tomorrow,післязавтра,,,
reservationEmployeeNearestFreeSlotLabel,Reservation create flow,Nejbližší volný termín,Next free slot,Найближчий вільний термін,,,
reservationEmployeeNearestLoading,Reservation create flow,…,…,…,,,
reservationEmployeeNoNearestSlot,Reservation create flow,Bez volného termínu,No free slot,Без вільного терміну,,,
reservationErrorEmail,Reservation create flow,Vyplňte e-mail.,Enter your email.,Введіть e-mail.,,,
reservationErrorEmailInvalid,Reservation create flow,Zadejte platný e-mail.,Enter a valid email.,Введіть коректний email.,,,
reservationErrorFirstName,Reservation create flow,Vyplňte jméno.,Enter your first name.,Введіть ім’я.,,,
reservationErrorGeneric,Reservation create flow,Rezervaci se nepodařilo vytvořit. Zkuste to znovu.,Could not create the booking. Please try again.,Не вдалося створити бронювання. Спробуйте ще раз.,,,
reservationErrorLastName,Reservation create flow,Vyplňte příjmení.,Enter your last name.,Введіть прізвище.,,,
reservationErrorPhone,Reservation create flow,Vyplňte telefon.,Enter your phone number.,Вкажіть телефон.,,,
reservationErrorRateLimit,Reservation create flow,Příliš mnoho pokusů. Zkuste to později.,Too many attempts. Please try again later.,Забагато спроб. Спробуйте пізніше.,,,
reservationErrorSlotTaken,Reservation create flow,Termín mezitím obsadil někdo jiný. Vyberte jiný čas.,This slot was just taken. Please choose another time.,Цей термін уже зайняли. Оберіть інший час.,,,
reservationEvening,Reservation create flow,Večer,Evening,Вечір,,,
reservationMore,Reservation create flow,Více,More,Більше,,,
reservationMorning,Reservation create flow,Ráno,Morning,Ранок,,,
reservationNearestSlotAt,Reservation create flow,v,at,у філії,,,
reservationNoBarbers,Reservation create flow,Pro pobočku nejsou dostupní žádní barbeři.,No barbers are available for this branch.,Для цієї філії немає доступних барберів.,,,
reservationNoServices,Reservation create flow,Pro vybraného barbera nejsou dostupné žádné služby.,No services are available for this barber.,Для обраного барбера немає доступних послуг.,,,
reservationNoSlotsMonth,Reservation create flow,V tomto měsíci nejsou žádné volné termíny.,No available slots this month.,У цьому місяці немає вільних термінів.,,,
reservationNoSlotsSelection,Reservation create flow,Pro vybrané parametry nejsou dostupné žádné termíny.,No time slots are available for the selected options.,Для вибраних параметрів немає доступних термінів.,,,
reservationPriceFromPrefix,Reservation create flow,od,from,від,,,
reservationShowMap,Reservation create flow,Zobrazit mapu,View map,Показати на карті,,,
reservationSlotHandoffTitle,Reservation create flow,Vyberte službu,Choose a service,Оберіть послугу,,,
reservationStartCta,Reservation create flow,Jdeme na to,Let's go,Поїхали,,,
reservationStartStep1Desc,Reservation create flow,"""Zvolte salon, kam chcete jít.""",Pick the salon you want to visit.,"""Оберіть салон, куди хочете піти.""",,,
reservationStartStep1Title,Reservation create flow,Vyberte pobočku,Choose a branch,Оберіть відділення,,,
reservationStartStep2Desc,Reservation create flow,,Pick the service you want and the specialist who will provide it.,"Оберіть послугу та спеціаліста, який її надасть.",,,
reservationStartStep2Title,Reservation create flow,Vyberte službu a holiče,Choose a service and barber,Оберіть послугу та барбера,,,
reservationStartStep3Desc,Reservation create flow,Zobrazíme dostupné časy a potvrdíte rezervaci.,We'll show available slots and you'll confirm the booking.,"Покажемо доступні часи, і ви підтвердите бронювання.",,,
reservationStartStep3Title,Reservation create flow,Vyberte termín,Choose a time,Оберіть термін,,,
reservationStartTitle,Reservation create flow,Jednoduše vytvoříme rezervaci,We'll book you in easily,Легко створимо бронювання,,,
reservationStepBranchSubtitle,Reservation create flow,"""Vyberte pobočku, kde chcete rezervaci.""",Select the branch where you want to book.,"""Оберіть філію, де хочете бронювання.""",,,
reservationStepBranchTitle,Reservation create flow,Vyberte pobočku,Choose a branch,Оберіть відділення,,,
reservationStepDatetimeSubtitle,Reservation create flow,Vyberte den a následně dostupný termín.,"""Pick a day, then an available time slot.""","Оберіть день, а потім доступний термін.",,,
reservationStepDatetimeTitle,Reservation create flow,Vyberte datum a čas,Choose date and time,Оберіть дату й час,,,
reservationStepEmployeeSubtitle,Reservation create flow,"""Vyberte holiče, ke kterému chcete vytvořit rezervaci.""",Select the barber you want to book with.,"""Оберіть барбера, до якого хочете створити бронювання.""",,,
reservationStepEmployeeTitle,Reservation create flow,Vyberte holiče,Choose your barber,Оберіть барбера,,,
reservationStepServiceSubtitle,Reservation create flow,"""Vyberte službu, kterou chcete rezervovat.""",Select the service you want to book.,"""Оберіть послугу, яку хочете забронювати.""",,,
reservationStepServiceTitle,Reservation create flow,Vyberte službu,Choose a service,Оберіть послугу,,,
reservationSummaryAppointment,Reservation create flow,Váš termín,Your appointment,Ваш термін,,,
reservationSummaryBranch,Reservation create flow,Pobočka,Branch,Філія,,,
reservationSummaryCreating,Reservation create flow,Vytvářím rezervaci…,Creating booking…,Створюємо бронювання…,,,
reservationSummaryEstimatedDuration,Reservation create flow,Odhadovaná délka,Estimated duration,Орієнтовна тривалість,,,
reservationSummaryFrom,Reservation create flow,Od,From,від,,,
reservationSummarySubtitle,Reservation create flow,Zkontrolujte údaje před potvrzením.,Review your details before confirming.,Перевірте дані перед підтвердженням.,,,
reservationSummaryTitle,Reservation create flow,Shrnutí objednávky,Order summary,Підсумок бронювання,,,
reservationSummaryTo,Reservation create flow,Do,To,До,,,
reservationSummaryWithSpecialist,Reservation create flow,U vašeho specialisty,With your barber,У вашого спеціаліста,,,
reservationToday,Reservation create flow,Dnes,Today,сьогодні,,,
reservationTomorrow,Reservation create flow,Zítra,Tomorrow,завтра,,,
reservationsCancelled,Reservations,Zrušené,Cancelled,Скасовано,,,
reservationsPast,Reservations,Minulé,Past,Минулі,,,
reservationsTitle,Reservations,Rezervace,Reservations,Бронювання,,,
reservationsUpcoming,Reservations,Nadcházející,Upcoming,Найближча,,,
reservationsViewBooking,Reservations,Zobrazit rezervaci,View booking,Переглянути бронювання,,,
reviewAnonymous,Review,Anonymní recenze,Anonymous review,Анонімний відгук,,,
reviewAnonymousDesc,Review,Vaše jméno a profil se u této recenze nezobrazí.,Your name and profile will not be shown with this review.,Ваше ім’я та профіль не буде показано з цим відгуком.,,,
reviewDelete,Review,Smazat recenzi,Delete review,Видалити відгук,,,
reviewDeleteConfirmMessage,Review,Opravdu chcete smazat tuto recenzi?,Do you really want to delete this review?,Справді видалити цей відгук?,,,
reviewDeleteConfirmTitle,Review,Smazat recenzi,Delete review,Видалити відгук,,,
reviewDeleting,Review,Mažu…,Deleting…,Видаляю…,,,
reviewReservationTitle,Review,Recenzujete rezervaci,Reviewing booking,Ви оцінюєте бронювання,,,
reviewSubmit,Review,Odeslat recenzi,Submit Review,Надіслати відгук,,,
reviewUpdate,Review,Upravit recenzi,Update review,Редагувати відгук,,,
reviewWriteFallback,Review,Napsat recenzi,Write a Review,Написати відгук,,,
reviewWriteTo,Review,Napsat recenzi pro,Write review to,Написати відгук для,,,
reviewWriteYourReview,Review,Napište svou recenzi,Write your review,Напишіть свій відгук,,,
scheduleAll,Experience,Vše,All,Усе,,,
scheduleDate,Experience,Datum,Date,Дата,,,
scheduleEmpty,Experience,Na tento den nemáme nikoho ve směně.,No barbers are scheduled for this day.,На цей день ніхто не на зміні.,,,
scheduleEmptyBranch,Experience,Na tento den není ve směně nikdo v této pobočce.,No barbers are scheduled at this branch on this day.,На цей день у цій філії ніхто не на зміні.,,,
scheduleProfil,Experience,Profil,Profile,Профіль,,,
scheduleRezervovat,Experience,Rezervovat,Book,Забронювати,,,
scheduleTermsWhen,Real Barber home screen,Termíny {when},Slots {when},Терміни {when},,,
scheduleTitle,Experience,Rozvrh,Schedule,Розклад,,,
searchBarbers,Search,Tým,Team,Команда,,,
searchBarbersSubtitle,Search,Prohlédnout barbery a jejich profily,Browse barbers and their profiles,Переглянути барберів і їхні профілі,,,
searchBranches,Search,Pobočky,Branches,Філії,,,
searchBranchesSubtitle,Search,Prohlédnout pobočky,Browse branches,Переглянути філії,,,
searchFavorites,Search,Oblíbené,Favorites,Улюблені,,,
searchFavoritesSubtitle,Search,Uložené pobočky a barbeři,Saved branches and barbers,Збережені філії та барбери,,,
searchMyBookings,Search,Mé rezervace,My bookings,Мої бронювання,,,
searchMyBookingsSubtitle,Search,Vaše rezervace a návštěvy,Your bookings and visits,Ваші бронювання та візити,,,
searchPlaceholder,Search,Hledat,Search here,Шукати,,,
searchSchedule,Search,Rozvrh,Schedule,Розклад,,,
searchScheduleSubtitle,Search,Rezervovat termín,Book an appointment,Забронювати термін,,,
searchServices,Search,Služby,Services,Послуги,,,
searchServicesSubtitle,Search,Služby a ceník,Services and pricing,Послуги та прайс,,,
serviceAbout,Service detail,O službě,About the service,Про послугу,,,
serviceBookThisService,Service / Barber detail,Rezervovat službu,Book this service,Забронювати послугу,,,
serviceCategoryOther,Reservation create flow,Ostatní,Other,Інше,,,
serviceChooseBranchBarber,Service / Barber detail,Vyberte pobočku a holiče,Choose branch and barber,Оберіть філію та барбера,,,
serviceDetailNotFound,Service detail,Služba nebyla nalezena.,Service not found.,Послугу не знайдено.,,,
serviceReview,Service detail,Recenze,Review,Відгук,,,
serviceUpdateReview,Service detail,Upravit recenzi,Update review,Редагувати відгук,,,
serviceWriteReview,Service detail,Napsat recenzi,Write review,Написати відгук,,,
servicesBasic,Services,Základní,Basic,Базові,,,
servicesColoring,Services,Barvení,Coloring,Фарбування,,,
servicesExtraEpilaceBadge,Services,OSVOBUZUJÍCÍ,LIBERATING,ВІЛЬНО,,,
servicesExtraEpilaceTitle,Services,Epilace horkým voskem,Hot wax epilation,Епіляція гарячим воском,,,
servicesExtraHomeBadge,Services,NEJPOHODLNĚJŠÍ,MOST COMFORTABLE,ЗРУЧНО,,,
servicesExtraHomeTitle,Services,Služby domů,Home services,Послуги додому,,,
servicesExtraVideoBadge,Services,NA PAMÁTKU,FOR POSTERITY,НА ПАМ'ЯТЬ,,,
servicesExtraVideoTitle,Services,Video na míru,Custom video,Відео на замовлення,,,
servicesHaircuts,Services,Střihy,Haircuts,Укладки,,,
servicesHomeServices,Services,Služby u vás,Home services,Послуги додому,,,
servicesNoItems,Services,Žádné položky,No items,Немає пунктів,,,
servicesPackages,Services,Balíčky,Packages,Пакети,,,
servicesPageHairAndBeard,Services,Vlasy a vousy,Hair and beard,Волосся та борода,,,
servicesPageHaircutBook,Services,Kniha účesů,Haircut book,Книга стрижок,,,
servicesPageHaircutInspiration,Services,Inspirace účesů,Haircut inspiration,Натхнення для стрижки,Katalog účesů,Browse different haircuts,Web Home.seeHaircuts / katalog účesů.
servicesPageSubtitle,Services,Úpravy vlasů a vousů,Hair and beard grooming,Догляд за волоссям і бородою,,,
servicesPageSupplementary,Services,Doplňkové služby,Additional services,Додаткові послуги,,,
servicesPageTitle,Services,Služby,Services,Послуги,,,
settingsAccent,Settings,Barevnost,Accent color,Кольори,,,
settingsAccentDesc,Settings,Barva zvýraznění v aplikaci,Highlight color used across the app,Колір акценту в додатку,,,
settingsChangePassword,Settings,Změnit heslo,Change password,Змінити пароль,,,
settingsChangePasswordDesc,Settings,Změňte své heslo,Change your password,Змініть свій пароль,,,
settingsCommunicationPrefs,Settings,Komunikační preference,Communication preferences,Комунікаційні вподобання,,,
settingsCommunicationPrefsDesc,Settings,Kanály a typy zpráv od aplikace,Channels and message types from the app,Канали та типи повідомлень від додатку,,,
settingsCurrency,Settings,Měna,Currency,Валюта,,,
settingsCurrencyDesc,Settings,USD - Americký dolar,USD - United states dollar,USD — долар США,,,
settingsDeleteAccount,Settings,Smazat účet,Delete account,Видалити акаунт,,,
settingsDeleteAccountCancel,Settings,Ponechat účet,Keep account,Залишити акаунт,,,
settingsDeleteAccountConfirm,Settings,Smazat natrvalo,Delete permanently,Видалити назавжди,,,
settingsDeleteAccountConfirmTitle,Settings,Smazat účet,Delete account,Видалити акаунт,,,
settingsDeleteAccountDeleting,Settings,Mazání účtu…,Deleting account…,Видалення акаунта…,,,
settingsDeleteAccountDetailsAccessTitle,Settings,Okamžité zneplatnění přístupu,Immediate loss of access,Миттєве анулювання доступу,,,
settingsDeleteAccountDetailsAnonymizationTitle,Settings,Anonymizace osobních údajů,Anonymization of personal data,Анонімізація особистих даних,,,
settingsDeleteAccountDetailsAuditTitle,Settings,Auditní stopa,Audit record,Аудитний слід,,,
settingsDeleteAccountDetailsButton,Settings,Detailní vysvětlení smazání účtu,Detailed account deletion explanation,Детальне пояснення видалення акаунта,,,
settingsDeleteAccountDetailsKeepTitle,Settings,Co se nemaže,What is not deleted,Що не видаляється,,,
settingsDeleteAccountDetailsSubtitle,Settings,Co přesně se po potvrzení stane,What exactly happens after confirmation,Що саме станеться після підтвердження,,,
settingsDeleteAccountDetailsTitle,Settings,Detailní vysvětlení smazání účtu,Detailed account deletion explanation,Детальне пояснення видалення акаунта,,,
settingsDeleteAccountError,Settings,Smazání účtu se nezdařilo. Zkuste to znovu.,Account deletion failed. Please try again.,Не вдалося видалити акаунт. Спробуйте ще раз.,,,
settingsDeleteAccountNeedLogin,Settings,Pro smazání účtu musíte být přihlášen/a.,You need to be signed in to delete your account.,"Щоб видалити акаунт, потрібно увійти.",,,
settingsDeleteAccountReasonBranchService,Settings,,I am not satisfied with services at your branches.,Я незадоволений/а послугами у ваших філіях.,,,
settingsDeleteAccountReasonNoNeed,Settings,Aplikaci už nepotřebuji,I no longer need the app,Додаток більше не потрібен,,,
settingsDeleteAccountReasonOther,Settings,Jiný důvod,Other reason,Інша причина,,,
settingsDeleteAccountReasonPlaceholder,Settings,Volitelný důvod (pomůže nám se zlepšit),Optional reason (helps us improve),Необов’язкова причина (допоможе нам стати кращими),,,
settingsDeleteAccountReasonPrivacy,Settings,Obavy o soukromí,Privacy concerns,Занепокоєння щодо приватності,,,
settingsDeleteAccountSectionDesc,Settings,Nevratné smazání a anonymizace klientského účtu,Permanent deletion and anonymization of your client account,Незворотне видалення та анонімізація клієнтського акаунта,,,
settingsHelp,Settings,Nápověda,Help,Допомога,,,
settingsHelpDesc,Settings,Kontaktovat podporu,Contact support,Зв’язатися з підтримкою,,,
settingsNotifications,Settings,Oznámení,Notifications,Сповіщення,,,
settingsNotificationsDesc,Settings,"""Push notifikace, e-mailová oznámení""","""Push notifications, email notifications""","""Push-сповіщення, сповіщення електронною поштою""",,,
settingsPayments,Settings,Platby,Payments,Платежі,,,
settingsPaymentsDesc,Settings,Správa platebních metod,Manage payment methods,Керування способами оплати,,,
settingsSubtitle,Settings,Správa nastavení účtu,Manage your account settings,Керування налаштуваннями акаунта,,,
settingsSwitchToCzech,Settings,Přepnout do češtiny,Switch to Czech,Přepnout do češtiny,,,
settingsSwitchToEnglish,Settings,Přepnout do angličtiny,Switch to English,Switch to English,,,
settingsTitle,Settings,Nastavení,Settings,Налаштування,,,
sheetBranchFallback,Reservation create flow,Pobočka,Branch,Філія,,,
sheetBranchInterior,Reservation create flow,Interiér pobočky,Branch interior,Інтер’єр філії,,,
sheetBranchNoIntro,Reservation create flow,Tato pobočka zatím nemá krátké představení.,This branch has no short description yet.,У цієї філії поки немає короткого опису.,,,
sheetClose,Reservation create flow,Zavřít,Close,Закрити,,,
sheetHideDescription,Reservation create flow,Skrýt popis,Hide description,Сховати опис,,,
sheetHowToBranch,Reservation create flow,Kudy na pobočku?,How to get to the branch?,Як дістатися до філії?,,,
sheetNoBio,Reservation create flow,Bez popisu.,No description.,Без опису.,,,
sheetPortfolio,Reservation create flow,Ukázka práce,Portfolio,Приклади робіт,,,
sheetShowFullDescription,Reservation create flow,Zobrazit celý popis,Show full description,Показати повний опис,,,
sheetSpecialistFallback,Reservation create flow,Specialista,Barber,Барбер,,,
sheetVideoLabel,Reservation create flow,Video,Video,Відео,,,
signupAlreadyHave,Auth,Už máte účet? ,Already have an account? ,Уже маєте акаунт?,,,
signupAvatarAddHint,Auth,Klepněte na + a vyberte fotku z galerie.,Tap + to add a photo from your gallery.,Натисніть + і оберіть фото з галереї.,,,
signupAvatarCarouselHint,Auth,"""Vyberte avatar posunem, nebo přidejte vlastní fotku.""","""Swipe to pick an avatar, or add your own photo.""","""Оберіть аватар жестом або додайте власне фото.""",,,
signupAvatarLoadError,Auth,Avatary se nepodařilo načíst.,Could not load avatars.,Не вдалося завантажити аватари.,,,
signupAvatarLoading,Auth,Načítám avatary…,Loading avatars…,Завантажуємо аватари…,,,
signupAvatarRetry,Auth,Zkusit znovu,Try again,Спробувати знову,,,
signupAvatarUrlInvalid,Auth,Zadejte platné http(s) URL nebo pole nechte prázdné.,Enter a valid http(s) URL or leave the field empty.,Введіть коректний http(s) URL або залиште поле порожнім.,,,
signupAvatarUrlLabel,Auth,URL obrázku (volitelně),Image URL (optional),URL зображення (необов’язково),,,
signupConfirmPassword,Auth,Potvrdit heslo,Confirm password,Підтвердити пароль,,,
signupConfirmRequired,Auth,Potvrďte heslo,Confirm your password,Підтвердіть пароль,,,
signupCreateAccount,Auth,Vyplňte své jméno a příjmení,Enter your first and last name,Вкажіть ім’я та прізвище,,,
signupCreateAccountDesc,Auth,Ať vás v aplikaci můžeme správně oslovovat a připravit vše na míru.,So we can address you properly and personalize your experience.,Щоб ми могли правильно до вас звертатися й усе налаштувати під вас.,,,
signupCreateAccountOtpHint,Auth,Pro ověření jsme vám poslali SMS kód na zadané číslo.,"""To verify it's really you, we sent an SMS code to your number.""",Для підтвердження ми надіслали SMS-код на вказаний номер.,,,
signupEmail,Auth,E-mail,Email,E-mail,,,
signupEmailDomainHint,Auth,Klepnutím doplníte doménu,Tap to complete domain,"Натисніть, щоб доповнити домен",,,
signupEmailInvalid,Auth,Zadejte platný e-mail,Enter a valid email address,Вкажіть коректний e-mail,,,
signupEmailOptional,Auth,E-mail (volitelně),Email (optional),E-mail (необов’язково),,,
signupEmailRequired,Auth,E-mail je povinný,Email is required,E-mail обов’язковий,,,
signupLogIn,Auth,Přihlásit se,Log in,Увійти,,,
signupPassword,Auth,Heslo,Password,Пароль,,,
signupPasswordMeterShort,Auth,Zadejte alespoň 4 znaky.,Enter at least 4 characters.,Введіть щонайменше 4 символи.,,,
signupPasswordMinLength,Auth,Heslo musí mít alespoň 4 znaky,Password must be at least 4 characters,Пароль має містити щонайменше 4 символи,,,
signupPasswordMismatch,Auth,Hesla se neshodují,Passwords do not match,Паролі не збігаються,,,
signupPasswordRequired,Auth,Heslo je povinné,Password is required,Пароль обов’язковий,,,
signupPhoneInvalid,Auth,Zadejte platné telefonní číslo,Enter a valid phone number,Введіть коректний номер телефону,,,
signupPhoneLabel,Auth,Telefonní číslo,Phone number,Номер телефону,,,
signupPhoneRequired,Auth,Telefonní číslo je povinné,Phone number is required,Номер телефону обов’язковий,,,
signupRegisterFailed,Auth,Registrace se nezdařila. Zkuste to znovu.,Registration failed. Please try again.,Реєстрація не вдалася. Спробуйте ще раз.,,,
signupStepAvatarSubtitle,Auth,Volitelně — můžete doplnit i později v profilu.,Optional — you can change it later in your profile.,Необов’язково — можна доповнити пізніше в профілі.,,,
signupStepAvatarTitle,Auth,Profilová fotka,Profile photo,Фото з профілю,,,
signupStepBirthdaySubtitle,Auth,Tento údaj je nepovinný.,This field is optional.,Це поле необов’язкове.,,,
signupStepBirthdayTitle,Auth,Datum narození,Date of birth,Дата народження,,,
signupStepEmailSubtitle,Auth,Použijeme ho pro potvrzení a důležité zprávy.,We use it for confirmations and updates.,Використаємо для підтверджень і важливих повідомлень.,,,
signupStepEmailTitle,Auth,E-mail,Email,E-mail,,,
signupStepNameSubtitle,Auth,Jak vás máme oslovovat?,How should we address you?,Як до вас звертатися?,,,
signupStepNameTitle,Auth,Jméno,Your name,Ім'я,,,
signupStepPasswordSubtitle,Auth,Zvolte bezpečné heslo.,Choose a secure password.,Оберіть надійний пароль.,,,
signupStepPasswordTitle,Auth,Heslo,Password,Пароль,,,
signupStepPhoneSubtitle,Auth,Použijeme ho k přihlášení.,We use it to sign you in.,Використаємо для входу.,,,
signupStepPhoneTitle,Auth,Telefonní číslo,Phone number,Номер телефону,,,
signupTitle,Auth,Registrace,Sign up,Записатися,,,
signupWelcomeJoinTeam,Auth,Vstoupit do Týmu Real Barber,Join the Real Barber Team,Станьте частиною команди Real Barber,,,
tabBarbers,Home tabs (horizontal scroll under home),Tým,Team,Команда,,,
tabBranches,Home tabs (horizontal scroll under home),Pobočky,Branches,Філії,,,
tabGuides,Home tabs (horizontal scroll under home),Návody,Guides,Гайди,,,
tabInspirace,Home tabs (horizontal scroll under home),Účesy,Inspiration,Зачіски,,Hairstyles,Na webu je sekce Účesy / Hairstyles (app EN má Inspiration).
tabMyHaircuts,Home tabs (horizontal scroll under home),Můj styl,My style,Мій стиль,,,
tabRealBarber,Home tabs (horizontal scroll under home),Real Barber,Real Barber,Real Barber,,,
tabServices,Home tabs (horizontal scroll under home),Služby,Services,Послуги,,,
tabWallet,Home tabs (horizontal scroll under home),Peněženka,Wallet,Гаманець,,,
teamMemberCardNoShiftHint,Real Barber home screen,Aktuálně žádné volné termíny,No free slots at the moment,Наразі немає вільних термінів,,,
teamMemberCardViewProfile,Real Barber home screen,Zobrazit profil,View profile,Показати профіль,,,
teamPageEmpty,Real Barber home screen,Zatím nemáme žádné holiče.,No barbers yet.,Поки немає барберів.,,,
teamPageLoadError,Real Barber home screen,Nepodařilo se načíst tým.,Could not load team.,Не вдалося завантажити команду.,,,
teamPageLoading,Real Barber home screen,Načítám…,Loading…,Завантажую…,,,
teamPageTitle,Real Barber home screen,Tým,Team,Команда,,,
topPicks,Common,Top výběr,Top picks,Топ вибір,,,
transferAvailable,Transfer,K dispozici,Available,Доступно,,,
transferChatAmountPlaceholder,Transfer,Částka (RBC),Amount (RBC),Сума (RBC),,,
transferChatBalance,Transfer,Zůstatek,Balance,Баланс,,,
transferChatEnterValidAmount,Transfer,Zadejte platnou částku.,Enter a valid amount.,Введіть коректну суму.,,,
transferChatFailed,Transfer,Převod se nezdařil.,Transfer failed.,Переказ не вдався.,,,
transferChatMenuBlockUser,Transfer,Blokovat uživatele,Block user,Заблокувати користувача,,,
transferChatMenuReportUser,Transfer,Nahlásit uživatele,Report user,Поскаржитися на користувача,,,
transferChatMenuViewProfile,Transfer,Zobrazit profil,View profile,Показати профіль,,,
transferChatNoTransactions,Transfer,S tímto příjemcem zatím nemáte žádné transakce,You have no transactions with this recipient yet,З цим отримувачем поки немає транзакцій,,,
transferChatNotEnoughRbc,Transfer,Nemáte dostatek RBC.,You don't have enough RBC.,Недостатньо RBC.,,,
transferChatNoteOptional,Transfer,Poznámka (nepovinná),Note (optional),Примітка (необов’язково),,,
transferChatRemaining,Transfer,Zbývá,Remaining,Залишилось,,,
transferChatSend,Transfer,Odeslat,Send,Надіслати,,,
transferChatSending,Transfer,Odesílám…,Sending…,Надсилаємо…,,,
transferChatYesterday,Transfer,Včera,Yesterday,Вчора,,,
transferHelpClose,Transfer,Rozumím,Got it,Зрозуміло,,,
transferHelpCta,Transfer,Nápověda,Help,Допомога,,,
transferHelpTitle,Transfer,Jak vyhledávání funguje,How search works,Як працює пошук,,,
transferNewPayment,Transfer,Nová platba,New payment,Новий платіж,,,
transferRecipient,Transfer,Příjemce,Recipient,Отримувач,,,
transferSearchPlaceholder,Transfer,Jméno kolegy nebo celé telefonní číslo příjemce,Colleague name or recipient’s full phone number,Ім’я колеги або повний номер телефону отримувача,,,
transferSearching,Transfer,Vyhledávám…,Searching…,Шукаю…,,,
transferTheySentYouRbc,Transfer,Odeslali vám,They sent you,Вам надіслали,,,
transferYouSentRbc,Transfer,Odeslali jste,You sent,Ви надіслали,,,
tripsAddReview,Trips card,Napsat recenzi,Add review,Написати відгук,,,
tripsDays,Trips / Bookings,dní,days,днів,,,
tripsFilterAll,Trips / Bookings,Vše,All,Усе,,,
tripsFilterCancelled,Trips / Bookings,Zrušené,Cancelled,Скасовано,,,
tripsFilterCurrent,Trips / Bookings,Aktuální,Current,Поточні,,,
tripsFilterPast,Trips / Bookings,Minulé,Past,Минулі,,,
tripsFilterPendingReview,Trips / Bookings,Čeká na recenzi,Pending review,Очікує відгук,,,
tripsFilterRated,Trips / Bookings,Ohodnocené,Rated,Оцінені,,,
tripsFilterUpcoming,Trips / Bookings,Nadcházející,Upcoming,Найближча,,,
tripsFilterWithoutCancelled,Trips / Bookings,Bez zrušených,Without cancelled,Без скасованих,,,
tripsHours,Trips / Bookings,h,h,год,,,
tripsIn,Trips / Bookings,Za,In,Через,,,
tripsLoading,Trips / Bookings,Načítání…,Loading…,Завантаження…,,,
tripsMessage,Trips card,Zpráva,Message,Повідомлення,,,
tripsMinutes,Trips / Bookings,min,min,хв,,,
tripsNoBookings,Trips / Bookings,Zatím žádné rezervace.,No bookings yet.,Поки немає бронювань.,,,
tripsSeconds,Trips / Bookings,s,s,с,,,
tripsTitle,Trips / Bookings,Vaše rezervace,Your Bookings,Ваші бронювання,,,
tripsViewBooking,Trips card,Zobrazit rezervaci,View booking,Переглянути бронювання,,,
walletAddMoney,Wallet,Přidat peníze,Add money,Додати гроші,,,
walletDetailCashback,Wallet,Cashback,Cashback,Кешбек,,,
walletDetailDateAndTime,Wallet,Datum a čas,Date and time,Дата і час,,,
walletDetailLoyaltyReward,Wallet,Věrnostní odměna,Loyalty reward,Бонус лояльності,,,
walletDetailPayment,Wallet,Platba,Payment,Оплата,,,
walletDetailPaymentNote,Wallet,Poznámka k platbě,Payment note,Примітка до платежу,,,
walletDetailPerformedBy,Wallet,Provedl,Performed by,Виконав,,,
walletDetailReceived,Wallet,Přijato,Received,Отримано,,,
walletDetailRecipient,Wallet,Příjemce,Recipient,Отримувач,,,
walletDetailSend,Wallet,Odeslat,Send,Надіслати,,,
walletDetailSender,Wallet,Odesílatel,Sender,Відправник,,,
walletDetailSent,Wallet,Odesláno,Sent,Надіслано,,,
walletDetailTransaction,Wallet,Transakce,Transaction,Транзакції,,,
walletDetailTransactionId,Wallet,ID transakce,Transaction ID,ID транзакції,,,
walletDetailTransfer,Wallet,Převod,Transfer,Переказ,,,
walletDetailUpdated,Wallet,Aktualizováno,Updated,Оновлено,,,
walletDetails,Wallet,Detail,Details,Деталі,,,
walletFlexiFondy,Wallet,FlexiFondy,FlexiFondy,FlexiFondy,,,
walletFlexiFondySubtitle,Wallet,"""S variabilním úrokem v EUR, GBP nebo USD. Investiční riziko.""","""Variable interest in EUR, GBP or USD. Investment risk.""","""Зі змінною ставкою в EUR, GBP або USD. Інвестиційний ризик.""",,,
walletHistoryCashback,Wallet,Cashback,Cashback,Кешбек,,,
walletHistoryDayBefore,Wallet,Předevčírem,Day before yesterday,Позавчора,,,
walletHistoryGiftCardCreated,Wallet,Dárková karta vytvořena,Gift card created,Подарункову картку створено,,,
walletHistoryLoading,Wallet,Načítání…,Loading…,Завантаження…,,,
walletHistoryTitle,Wallet,Historie,History,Історія,,,
walletHistoryToday,Wallet,Dnes,Today,сьогодні,,,
walletHistoryYesterday,Wallet,Včera,Yesterday,Вчора,,,
walletMore,Wallet,Více,More,Більше,,,
walletMoreButton,Wallet,Více,More,Більше,,,
walletNoTransactions,Products (home),Žádné transakce,No transactions,Немає транзакцій,,,
walletPersonalRbcCaption,Wallet,Osobní · RBC,Personal · RBC,Особистий · RBC,,,
walletPromoSubtitle2,Wallet,Získejte cashback z každého nákupu v partnerských salonech.,Earn cashback on every purchase at partner salons.,Отримуйте кешбек з кожної покупки в партнерських салонах.,,,
walletPromoSubtitle3,Wallet,Darujte RBC kredity jako dárkovou kartu.,Give RBC credits as a gift card.,Даруйте кредити RBC як подарункову картку.,,,
walletPromoTitle2,Wallet,RBC Cashback,RBC Cashback,RBC Cashback,,,
walletPromoTitle3,Wallet,Dárkové karty RBC,RBC Gift Cards,Подарункові картки RBC,,,
walletShowAll,Wallet,Zobrazit vše,Show all,Переглянути все,,,
walletStats,Wallet,Statistika,Statistics,Статистика,,,
walletStatsEmpty,Wallet,Zatím nemáte žádné transakce.,No transactions yet.,Поки немає транзакцій.,,,
walletStatsEmptyMonth,Wallet,V tomto měsíci žádné pohyby.,No activity this month.,Цього місяця немає рухів.,,,
walletStatsInMonth,Wallet,v {month},in {month},у {month},,,
walletStatsLoading,Wallet,Načítání…,Loading…,Завантаження…,,,
walletStatsLoginRequired,Wallet,Přihlaste se pro zobrazení statistik.,Sign in to view statistics.,"Увійдіть, щоб переглянути статистику.",,,
walletStatsMovesInMonth,Wallet,Pohyby {month},Activity {month},Рухи {month},,,
walletStatsReceived,Wallet,Přijato,Received,Отримано,,,
walletStatsRecentMoves,Wallet,Poslední pohyby,Recent activity,Останні рухи,,,
walletStatsSpentInMonth,Wallet,Utraceno v {month},Spent in {month},Витрачено в {month},,,
walletStatsSpentThisMonth,Wallet,Utraceno tento měsíc,Spent this month,Витрачено цього місяця,,,
walletStatsThisMonth,Wallet,tento měsíc,this month,цього місяця,,,
walletTransactionVisitReservationBonus,Wallet,10% cashback z návštěvy,10% visit cashback,10% кешбек з візиту,,,
walletTransactions,Products (home),Transakce,Transactions,Транзакції,,,
walletTransfer,Wallet,Převod,Transfer,Переказ,,,
warehouseDisplayCentral,Product detail,Centrální sklad,Central warehouse,Центральний склад,,,
welcomeContinueApple,Auth,Pokračovat přes Apple,Continue with Apple,Продовжити через Apple,,,
welcomeContinueGoogle,Auth,Pokračovat přes Google,Continue with Google,Продовжити через Google,,,
welcomePasswordLoginBadge,Auth,Místo toho heslo,Use password instead,Замість цього пароль,,,
welcomeStart,Auth,Začít,Start,Почати,,,
welcomeSubtitle,Auth,Jste připraveni?,Ready to get started?,Готові?,,,
